id,section,section_title_he,source_lessons,section_goal_he,node_title_he,skill_he,explain_he,exercise,items_he,trap_feedback_he,pass_rule,node_source
4.c.1.1,1,לפענח את השאלה,L1 · אוצר מילים Circle 1,"התלמיד קורא שאלה באנגלית ויודע שלושה דברים לפני שנגע בטקסט — מה נשאל, לאיזו פסקה ללכת, ובאיזה אורך לענות.",חמש המילים שפותחות כל שאלה,"תרגום מיידי של חמש מילות השאלה, בלי היסוס.","בכל שאלה במודול C יחזרו אותן חמש מילים. הן לא קשות — אבל אם אתה עוצר לחשוב עליהן באמצע הבחינה, איבדת שניות שאין לך. המטרה כאן היא לא ""להבין"" אותן, אלא לדעת אותן בלי לחשוב.","VOCAB · 5 מילים · שני סבבים (אנגלית→עברית, ואז עברית→אנגלית)","paragraph → פסקה → משפט · עמוד ⏐ according to → לפי → למרות · בגלל → המסיח ""למרות"" נפוץ כי מבלבלים עם although ⏐ explain / explains → מסביר → מתאר · שואל ⏐ give ONE answer → תן תשובה אחת → תן דוגמאות · הסבר ⏐ complete the sentence → השלם את המשפט → כתוב משפט חדש → המסיח הזה מכין ל-4.c.11.3",,5/5 בשני הסבבים. פחות מזה — הצומת חוזר למחרת.,L1 · טבלת Circle 1
4.c.1.2,1,לפענח את השאלה,L1 · אוצר מילים Circle 1,"התלמיד קורא שאלה באנגלית ויודע שלושה דברים לפני שנגע בטקסט — מה נשאל, לאיזו פסקה ללכת, ובאיזה אורך לענות.",כל מילה — לאן היא שולחת אותי,"התלמיד ממיר כל מילת שאלה לפעולה, לא לתרגום.","תרגום לבד לא עוזר בבחינה. according to Dr. Klein לא אומר רק ""לפי דוקטור קליין"" — הוא אומר: לך לפסקה שבה מופיע השם קליין, וקרא רק אותה. כל מילת שאלה היא הוראת ניווט. עכשיו נלמד את ההוראה של כל אחת.",CLASSIFY · 8 פריטים · גרירה לפעולה הנכונה,"""According to Dr. Klein..."" → ללכת לפסקה של קליין → לחפש מספר · לענות מהידע שלי ⏐ ""Read paragraph II and answer"" → ללכת לפסקה II ולא לקרוא את השאר → לקרוא את כל הטקסט ⏐ ""How many trees..."" → לחפש מספר שצמוד למילה trees → לחפש כל מספר בטקסט ⏐ ""Give ONE answer"" → לכתוב משפט אחד → לכתוב את כל מה שמצאתי ⏐ ""Complete the sentence: They could not..."" → למצוא את המשפט בטקסט ולהמשיך אותו → לכתוב משפט חדש משלי ⏐ ""What does Dr. Klein explain?"" → למצוא את הציטוט של קליין → לסכם את הפסקה ⏐ ""Which statement is NOT true?"" → לחפש את המשפט השקרי → לחפש את המשפט הנכון ⏐ ""What is the main idea?"" → לחפש משפט שמכסה את כל הפסקה → לבחור את הפרט המעניין","""תרגמת נכון — אבל השאלה היא לא מבחן תרגום. according to X הוא כתובת: הפסקה של X. שם תמצא את התשובה.""",7/8.,"L1 · עמודת ""In your mind: traffic light check"""
4.c.1.3,1,לפענח את השאלה,L1 · אוצר מילים Circle 1,"התלמיד קורא שאלה באנגלית ויודע שלושה דברים לפני שנגע בטקסט — מה נשאל, לאיזו פסקה ללכת, ובאיזה אורך לענות.",תשובה אחת אינה רשימה,התלמיד מזהה את אורך התשובה הנדרש מתוך ההוראה.,"Give ONE answer פירושו משפט אחד. לא שניים, ולא רשימה של שלושה דברים ""ליתר ביטחון"". תשובה ארוכה לא מזכה בנקודות נוספות — היא רק מגדילה את הסיכוי לשגיאת דקדוק שתוריד לך נקודות. קצר ומדויק מנצח ארוך ומגושם.",MCQ · 5 פריטים,"i) ""Because adults understand what the teacher explains and can correct their mistakes more quickly."" ✓ ⏐ ii) ""Because they understand the teacher, because they are not afraid to ask questions, and because they practice more."" ✗ — שלוש סיבות כשביקשו אחת; הסיבה השלישית גם לא מופיעה בטקסט ⏐ iii) ""Because they are stronger."" ✗ — לא מהטקסט ⏐ iv) ""Adults are better swimmers."" ✗ — לא עונה על ""why""","""כל מה שכתבת נכון — אבל ביקשו תשובה אחת. בבחינה זה לא מוסיף נקודות, וכל משפט נוסף הוא הזדמנות לשגיאה.""",4/5.,L1 · Q2 + מפתח התשובות
4.c.1.4,1,לפענח את השאלה,L1 · אוצר מילים Circle 1,"התלמיד קורא שאלה באנגלית ויודע שלושה דברים לפני שנגע בטקסט — מה נשאל, לאיזו פסקה ללכת, ובאיזה אורך לענות.",מה מותר להביא מהראש,התלמיד פוסל תשובה נכונה עובדתית שאינה מופיעה בטקסט.,"זו הטעות שהכי קשה להיפטר ממנה: אתה יודע משהו על הנושא, האפשרות נשמעת נכונה — אז אתה בוחר בה. במודול C, ""נכון בחיים"" לא שווה כלום. תשובה נכונה היא תשובה שאפשר להצביע על משפט בטקסט שמוכיח אותה. אין משפט — אין תשובה.","CLASSIFY · 6 פריטים · שתי קטגוריות: ""יש הוכחה בטקסט"" / ""נכון אבל לא בטקסט""","""Over 30% of adults in large cities cannot swim."" → יש הוכחה ⏐ ""Swimming is good exercise for the heart."" → נכון אבל לא בטקסט ⏐ ""Adults are not afraid to ask questions."" → יש הוכחה ⏐ ""Children learn languages faster than adults."" → נכון אבל לא בטקסט ⏐ ""Adult swimming classes are available in most cities."" → יש הוכחה ⏐ ""Swimming lessons are expensive."" → נכון אבל לא בטקסט","""ייתכן מאוד שזה נכון. אבל הבוחן לא שואל מה אתה יודע — הוא שואל מה כתוב. חפש את המשפט; אם אין, זו לא התשובה.""",5/6.,"L5 · ""Only from the text must be a mantra"""
4.c.1.5,1,לפענח את השאלה,L1 · אוצר מילים Circle 1,"התלמיד קורא שאלה באנגלית ויודע שלושה דברים לפני שנגע בטקסט — מה נשאל, לאיזו פסקה ללכת, ובאיזה אורך לענות.",שער סקשן 1,,,CHECK · 10 פריטים מעורבים מ-1.1–1.4 · ללא טיימר,,,8/10. מתחת לזה — REVIEW של ה-nodes שנכשלו.,
4.c.2.1,2,P1 — לא קוראים את הטקסט,L1 · טקסטים LEARNING TO SWIM AS AN ADULT · LEARNING A LANGUAGE ONLINE,התלמיד עונה על שאלה עובדתית אחרי שקרא בין משפט לשני משפטים בטקסט.,כמה באמת צריך לקרוא,"התלמיד מבין שהטקסט הוא מאגר לחיפוש, לא סיפור לקריאה.","אתה לא מקבל נקודות על קריאת הטקסט. אתה מקבל נקודות על תשובות. הטקסט הוא מאגר — אתה נכנס אליו, לוקח מה שצריך, ויוצא. בתרגיל הבא נראה לך שאלה אמיתית ואת המשפט היחיד שנדרש כדי לענות עליה.",MCQ · 3 פריטים · אחרי כל בחירה נחשף משפט ההוכחה בהדגשה,,,2/3.,L1 · I DO script
4.c.2.2,2,P1 — לא קוראים את הטקסט,L1 · טקסטים LEARNING TO SWIM AS AN ADULT · LEARNING A LANGUAGE ONLINE,התלמיד עונה על שאלה עובדתית אחרי שקרא בין משפט לשני משפטים בטקסט.,"מילת המפתח היא הנושא, לא ה-what",התלמיד מסמן בשאלה את מילות הנושא ולא את מילת השאלה.,"בכל שאלה יש שתי מילים שחשובות באמת: איפה לחפש ומה לחפש. What, How, Why לא עוזרות לך לאתר כלום — הן קיימות בכל שאלה. מה שמאתר הוא הנושא: adults who cannot swim, paragraph I, Dr. Klein.",MARK · 6 שאלות · סימון 1–2 מילות מפתח בשאלה עצמה,"""What do we learn from paragraph I about adults who cannot swim?"" → paragraph I · cannot swim → What do we learn ⏐ ""According to Dr. Anna Klein, why do adults become stronger swimmers?"" → Dr. Anna Klein · stronger swimmers → why ⏐ ""According to paragraph III, what do instructors say about adults who practice regularly?"" → paragraph III · practice regularly → what do instructors say ⏐ ""How many trees did the charity plant in Greenville?"" → trees · charity → How many ⏐ ""What does Dr. Klein explain?"" → Dr. Klein → explain ⏐ ""According to Dr. Tanaka, what cannot apps replace?"" → Dr. Tanaka · apps replace → what cannot","""What נמצא בכל שאלה שנייה בבחינה — הוא לא יעזור לך למצוא כלום בטקסט. סמן את מה שייחודי לשאלה הזו.""","90% מהיעדים, בלי סימון-יתר.","L1 · טעות מתועדת: ""Student picks a keyword from the wrong part of the question"""
4.c.2.3,2,P1 — לא קוראים את הטקסט,L1 · טקסטים LEARNING TO SWIM AS AN ADULT · LEARNING A LANGUAGE ONLINE,התלמיד עונה על שאלה עובדתית אחרי שקרא בין משפט לשני משפטים בטקסט.,ממילת המפתח לפסקה,התלמיד מזהה לאיזו פסקה השאלה שולחת אותו לפני שקרא משהו.,"יש שני סוגי מצביעים. מפורש: השאלה כתובה ""paragraph III"" — אין מה לחשוב. סמוי: השאלה מזכירה שם או מספר, וזה מוביל לפסקה אחת בלבד. בשני המקרים אתה יודע לאן ללכת עוד לפני שקראת מילה מהטקסט.",MCQ · 5 פריטים · על CITY GARDEN ו-SWIM,"""Dr. Klein"" → פסקה II (SWIM) ⏐ ""paragraph III"" → III, מפורש ⏐ ""Professor James Wu"" → III (CITY GARDEN) ⏐ ""Dr. Maria Santos"" → II ⏐ ""2,000 trees"" → I",,4/5.,"L1–L2 · ""Names are paragraph pointers"""
4.c.2.4,2,P1 — לא קוראים את הטקסט,L1 · טקסטים LEARNING TO SWIM AS AN ADULT · LEARNING A LANGUAGE ONLINE,התלמיד עונה על שאלה עובדתית אחרי שקרא בין משפט לשני משפטים בטקסט.,"לקרוא סביב, לא את הפסקה",התלמיד קורא משפט אחד סביב מילת המפתח ומרחיב רק אם צריך.,"הגעת לפסקה הנכונה — זה חצי מהעבודה, ופה רוב התלמידים מפסידים את החצי השני: הם קוראים את כל הפסקה. אתה לא צריך. סרוק עד שאתה רואה את מילת המפתח, קרא את המשפט שהיא נמצאת בו. אם התשובה לא שם — משפט אחד קדימה או אחורה. זהו.",MARK · 5 פריטים · סימון משפט ההוכחה בלבד,"""adults who cannot swim"" — מה הם עושים? → ""Many of them feel embarrassed about this and never try to learn."" ⏐ מה אומרת דוקטור קליין? → ""Adults understand what the teacher explains and can correct their mistakes more quickly."" ⏐ מה אומרים המדריכים על מי שמתאמן בקביעות? → ""adults who practice regularly usually make good progress in less than two months"" ⏐ כמה אנשים משתמשים באפליקציות שפה? → ""more than 500 million people worldwide now use language apps on their phones"" ⏐ מה אפליקציה לא יכולה להחליף? → ""No app can replace a real conversation""","""סימנת את כל הפסקה. המטרה של P1 היא לצמצם — משפט אחד שמוכיח את התשובה, לא הכול.""",90% · מקסימום 2 סימונים מיותרים.,"L1 · טעות מתועדת: ""finds the right paragraph but reads too much"""
4.c.2.5,2,P1 — לא קוראים את הטקסט,L1 · טקסטים LEARNING TO SWIM AS AN ADULT · LEARNING A LANGUAGE ONLINE,התלמיד עונה על שאלה עובדתית אחרי שקרא בין משפט לשני משפטים בטקסט.,P1 מקצה לקצה,התלמיד מבצע את חמשת השלבים ברצף על שאלה מלאה.,"עכשיו מחברים. חמישה שלבים, תמיד באותו סדר: קרא את השאלה · סמן מילות מפתח · אתר את הפסקה · קרא סביב · ענה. אל תדלג על שלב 2 — הוא זה שחוסך לך את הזמן.","רצף מודרך · 4 שלבים על שאלה אחת, ואז שאלה שלמה בלי הכוונה","i) Why they stopped swimming as children ✗ — לא מוזכר בטקסט כלל ⏐ ii) How experts help them learn ✗ — מומחים מוזכרים, אבל לא איך הם עוזרים ⏐ iii) What they usually do because they feel embarrassed ✓ ⏐ iv) Where they can find swimming classes ✗ — נכון, אבל בפסקה III",,תשובה נכונה + סימון נכון של מילות המפתח.,L1 · Q1
4.c.2.6,2,P1 — לא קוראים את הטקסט,L1 · טקסטים LEARNING TO SWIM AS AN ADULT · LEARNING A LANGUAGE ONLINE,התלמיד עונה על שאלה עובדתית אחרי שקרא בין משפט לשני משפטים בטקסט.,המסיח מהפסקה הלא נכונה,התלמיד פוסל אפשרות שתוכנה מופיע בטקסט אך לא בפסקה שנשאלה.,"זו המלכודת הכי נפוצה במודול C, והיא חוזרת בכל סוגי השאלות: האפשרות אומרת משהו שבאמת כתוב בטקסט — רק לא בפסקה שהשאלה שאלה עליה. כשהשאלה אומרת ""paragraph I"", כל מה שנמצא בפסקה III הוא תשובה שגויה, גם אם הוא נכון לחלוטין.",MCQ · 4 פריטים · לכל אפשרות שגויה התלמיד מסמן את הפסקה שממנה היא הגיעה,,"""ראית את זה בטקסט וזה הספיק לך. בדוק תמיד באיזו פסקה — השאלה ביקשה פסקה I.""",3/4.,"L1 · ""Distractor warning: iv) is mentioned in paragraph III, not I"""
4.c.2.7,2,P1 — לא קוראים את הטקסט,L1 · טקסטים LEARNING TO SWIM AS AN ADULT · LEARNING A LANGUAGE ONLINE,התלמיד עונה על שאלה עובדתית אחרי שקרא בין משפט לשני משפטים בטקסט.,P1 עם שעון,אותה מיומנות תחת לחץ זמן.,"ארבע דקות, שתי שאלות, טקסט שלא ראית. אם אתה תקוע על הראשונה — עבור לשנייה וחזור. הזמן נספר.",TIMED · טקסט LEARNING A LANGUAGE ONLINE · 2 שאלות · 4 דקות,"T1: ""What do we learn from the text about language apps?"" → ii) How many people worldwide use them · הוכחה: *""more than 500 million people worldwide now use language apps""* ⏐ T2: ""According to Dr. Yuki Tanaka, what cannot apps replace?"" → a real conversation",,"2/2 בתוך הזמן, או 2/2 בחריגה של עד דקה (מסומן כ""עבר עם חריגת זמן"" ומזין את סקשן 22).",L1 · Timed Challenge
4.c.2.8,2,P1 — לא קוראים את הטקסט,L1 · טקסטים LEARNING TO SWIM AS AN ADULT · LEARNING A LANGUAGE ONLINE,התלמיד עונה על שאלה עובדתית אחרי שקרא בין משפט לשני משפטים בטקסט.,שער סקשן 2,,,CHECK · 6 פריטים · טקסט חדש,,,80%.,
4.c.3.1,3,Eye Catchers · מספרים,L2 · טקסטים THE CITY GARDEN PROJECT · SPORT FOR ALL · דפוס P2,התלמיד רואה מספר בשאלה ומגיע ישירות למקור הנכון שלו בטקסט — לא לכל מספר אחר.,ארבע משפחות ה-Eye Catchers,התלמיד מסווג מילה למשפחה הנכונה ויודע איזו פעולה כל משפחה מפעילה.,"העין שלך כבר עושה חצי מהעבודה: כשאתה מסתכל על טקסט באנגלית, יש דברים שקופצים לך לעין — מספרים, שמות באות גדולה, מילים כמו ""not"". במקום להתעלם מזה, נהפוך את זה לשיטה. ארבע משפחות, כל אחת מפעילה פעולה אחרת.",CLASSIFY · 8 פריטים · 85% · however · Dr. Wu · only · Greenville · cannot · three hours · the main reason,"מספרים → 30% · five years · 2,000 trees → זהו נתון — לאיזה שם עצם הוא שייך? ⏐ שמות → Dr. Klein · Greenville · Oslo University → זו כתובת — לאיזו פסקה? ⏐ שלילה → cannot · never · not all → המשמעות מתהפכת — קרא שוב לאט ⏐ מילות הגבלה → most · only · main → יש תשובה אחת בלבד",,7/8.,"L2 · ""Eye Catchers in this text — 4 families"""
4.c.3.2,3,Eye Catchers · מספרים,L2 · טקסטים THE CITY GARDEN PROJECT · SPORT FOR ALL · דפוס P2,התלמיד רואה מספר בשאלה ומגיע ישירות למקור הנכון שלו בטקסט — לא לכל מספר אחר.,מספר = ספרה + שם עצם,"התלמיד מסמן מספר יחד עם שם העצם שלו, לא לבד.","אל תסמן ספרה. 2,000 לבד לא אומר כלום — כשתחזור לחפש, לא תדע אם זה עצים, מתנדבים או דולרים. תמיד סמן את הצירוף: 2,000 trees, three hours, 85% of residents. זה מה שמאפשר לך להתאים מספר לשאלה תוך שנייה.",MARK · 8 משפטים,"""They planted over 2,000 trees and created 15 community gardens."" → 2,000 trees · 15 community gardens ⏐ ""The volunteers spent an average of three hours a week."" → three hours a week ⏐ ""85% of Greenville residents now say the city is a better place to live."" → 85% of residents ⏐ ""stress levels among residents had fallen by 40%"" → 40% צמוד ל-stress levels ⏐ ""over 30% of adults in large cities cannot swim"" → 30% of adults ⏐ ""Her team worked with more than 300 volunteers."" → 300 volunteers ⏐ ""visits from city planners from over 50 countries"" → 50 countries ⏐ ""more than 500 million people worldwide now use language apps"" → 500 million people","""סימנת את המספר בלי לדעת של מה הוא. בשאלה ישאלו 'כמה עצים' או 'כמה מתנדבים' — בלי שם העצם הסימון לא יעזור לך.""",90%.,L2 · schema.md של הפרויקט (# + noun)
4.c.3.3,3,Eye Catchers · מספרים,L2 · טקסטים THE CITY GARDEN PROJECT · SPORT FOR ALL · דפוס P2,התלמיד רואה מספר בשאלה ומגיע ישירות למקור הנכון שלו בטקסט — לא לכל מספר אחר.,גם מילים הן מספרים,התלמיד מזהה מספרים שאינם כתובים בספרות.,"Five years ago הוא מספר. כך גם twice a week, half of the students, ten years. אם אתה סורק רק ספרות, תפספס בדיוק את המספרים שהבוחן אוהב לשאול עליהם — כי הם פחות בולטים.",MARK · פסקה שלמה · 8 יעדים,,"""פספסת את Five years ago — כי אין שם ספרה. מספר כתוב במילים הוא עדיין מספר.""",90% · עד 2 סימונים מיותרים.,"L2 · ספירת המורה: ""How many numbers did you find? → 8"""
4.c.3.4,3,Eye Catchers · מספרים,L2 · טקסטים THE CITY GARDEN PROJECT · SPORT FOR ALL · דפוס P2,התלמיד רואה מספר בשאלה ומגיע ישירות למקור הנכון שלו בטקסט — לא לכל מספר אחר.,לכל מספר יש בעלים,התלמיד מתאים כל מספר בטקסט לשם העצם שלו ולא מבלבל בין שני מספרים באותה פסקה.,"בפסקה אחת יכולים להיות ארבעה מספרים. הבוחן יודע את זה, ולכן הוא בונה מסיחים שמשתמשים במספר האמיתי — רק על הדבר הלא נכון. 85% הם התושבים שאומרים שהעיר טובה יותר. 40% הם ירידת הלחץ. תחליף ביניהם — התשובה שגויה, למרות ששני המספרים אמיתיים.",CLASSIFY · 6 זוגות · גרירת מספר לשם העצם שלו (CITY GARDEN פסקה III + II),"85% → residents who say the city is a better place to live ⏐ 40% → the fall in stress levels ⏐ 300 → volunteers who worked with the team ⏐ three hours → time each volunteer spent per week ⏐ 50 → countries whose city planners visit ⏐ 2,000 → trees planted","""החלפת בין שני מספרים אמיתיים. זו בדיוק המלכודת — לכל מספר יש שם עצם צמוד, וזה מה שקובע.""",5/6.,"L2 · טעות מתועדת: ""Student confuses two numbers (85% and 40%)"""
4.c.3.5,3,Eye Catchers · מספרים,L2 · טקסטים THE CITY GARDEN PROJECT · SPORT FOR ALL · דפוס P2,התלמיד רואה מספר בשאלה ומגיע ישירות למקור הנכון שלו בטקסט — לא לכל מספר אחר.,P2 — מספר בשאלה,"התלמיד סורק מספר שנמצא ליד שם העצם שבשאלה, ולא כל מספר בטקסט.","How many trees... — אתה לא מחפש מספרים. אתה מחפש את המילה trees, ואז מסתכל מה צמוד אליה. ככה אתה לא נופל על 15 gardens או 300 volunteers שנמצאים באותה פסקה בדיוק.",GAP · 4 פריטים,"""How many trees did the charity plant in Greenville?"" → *The charity planted* over 2,000 trees ⏐ ""How many hours a week did the volunteers spend in the gardens?"" → *The volunteers spent an average of* three hours a week working in the gardens ⏐ ""How many students did Dr. Fatima Hasan study?"" (SLEEP DEBATE) → *She studied* 3,000 high school students ⏐ ""How many people currently have no access to safe drinking water?"" (WATER CRISIS) → *Over* 2 billion people",,3/4 · מקבלים ניסוחים חלופיים סבירים.,L2 · Q1 · L5 T1 · L7 T1
4.c.3.6,3,Eye Catchers · מספרים,L2 · טקסטים THE CITY GARDEN PROJECT · SPORT FOR ALL · דפוס P2,התלמיד רואה מספר בשאלה ומגיע ישירות למקור הנכון שלו בטקסט — לא לכל מספר אחר.,"מספר אמיתי, הקשר שגוי",התלמיד פוסל אפשרות שמצטטת מספר קיים בטקסט אך עונה על שאלה אחרת.,"""המספר מופיע בטקסט"" הוא לא נימוק. ברוב שאלות הרב-ברירה, לפחות מסיח אחד בנוי בדיוק ככה: מספר אמיתי, מהפסקה הנכונה — אבל הוא עונה על שאלה שלא נשאלה.",MCQ · 4 פריטים · לכל אפשרות שגויה נדרש נימוק,"i) Why he decided to study the Greenville project ✗ — הסיבה שלו לא מוזכרת בכלל ⏐ ii) How stress levels changed among residents ✓ — *""stress levels among residents had fallen by 40%""* ⏐ iii) How many people visited Greenville from other countries ✗ — 50 מדינות הוא נתון אמיתי מפסקה III, אבל הוא על הפרויקט, לא על ממצאיו של Wu ⏐ iv) Why he disagrees with Dr. Santos's findings ✗ — אין מחלוקת בטקסט","""המספר אמיתי ומהפסקה הנכונה. אבל השאלה שאלה מה Wu מצא — ו-50 המדינות אינן ממצא שלו. שם בשאלה מצמצם את החיפוש לממצא שלו בלבד.""",3/4.,"L2 · ""Key teaching point: option iii) uses a real number — classic distractor"""
4.c.3.7,3,Eye Catchers · מספרים,L2 · טקסטים THE CITY GARDEN PROJECT · SPORT FOR ALL · דפוס P2,התלמיד רואה מספר בשאלה ומגיע ישירות למקור הנכון שלו בטקסט — לא לכל מספר אחר.,שער סקשן 3,,,CHECK · שלב סימון + 3 שאלות · TIMED 8 דקות · טקסט SPORT FOR ALL,,,80%.,
4.c.4.1,4,Eye Catchers · שמות,L2 · דפוס P3 · טקסטים CITY GARDEN · SPORT FOR ALL,שם בשאלה = כתובת פסקה. התלמיד קורא רק את הפסקה של אותו אדם.,מה נחשב שם,"התלמיד מזהה שם פרטי, תואר, מוסד ועיר כמצביעי מיקום.","""שם"" הוא לא רק שם של בן אדם. גם Greenville, גם University of Oslo, גם Global Forest Watch — כולם מתנהגים אותו דבר: הם מופיעים במקום אחד בטקסט, ולכן הם כתובת. הסימן החיצוני הוא אות גדולה באמצע משפט.","CLASSIFY · 8 פריטים · ""שם"" מול ""לא שם""",,"""a local charity מופיע בטקסט אבל אינו שם — אין לו אות גדולה, והוא יכול לחזור בכל פסקה. שם הוא ייחודי.""",7/8.,L2 · legend
4.c.4.2,4,Eye Catchers · שמות,L2 · דפוס P3 · טקסטים CITY GARDEN · SPORT FOR ALL,שם בשאלה = כתובת פסקה. התלמיד קורא רק את הפסקה של אותו אדם.,סימון שם במשפט,סימון מהיר של שמות בתוך משפט.,,MARK · 8 משפטים,"""The person behind this change is Dr. Maria Santos, a professor at Greenville University."" → Dr. Maria Santos · Greenville University ⏐ ""Professor James Wu found that stress levels had fallen by 40%."" → Professor James Wu ⏐ ""says Dr. Anna Klein, a sports psychologist at the University of Oslo"" → Dr. Anna Klein · University of Oslo ⏐ ""According to Dr. Laura Kim, who runs the programme..."" → Dr. Laura Kim ⏐ ""Professor Marcus Allen of Portland State University found..."" → Professor Marcus Allen · Portland State University ⏐ ""says Dr. Yuki Tanaka, a language researcher at Tokyo University"" → Dr. Yuki Tanaka · Tokyo University ⏐ ""Five years ago, the streets of Greenville had almost no plants."" → Greenville ⏐ ""A new community sports programme in the city of Portland..."" → Portland",,90%.,
4.c.4.3,4,Eye Catchers · שמות,L2 · דפוס P3 · טקסטים CITY GARDEN · SPORT FOR ALL,שם בשאלה = כתובת פסקה. התלמיד קורא רק את הפסקה של אותו אדם.,טבלת שם ← פסקה,"לפני שעונים על שאלות, התלמיד ממפה כל שם לפסקה שלו.","עשרים שניות שחוסכות חמש דקות: לפני שאתה קורא את השאלות, עבור על הטקסט וסמן את השמות. עכשיו יש לך מפה. כל שאלה שמזכירה שם — אתה כבר יודע לאן ללכת, בלי לחפש.",MARK + CLASSIFY · טקסט CITY GARDEN מלא,Greenville → I (וגם השאר — זו העיר של כל הטקסט) ⏐ Dr. Maria Santos → II ⏐ Greenville University → II ⏐ Professor James Wu → III,,מיפוי מלא ונכון.,"L2 · ""Which paragraph has Dr. Santos in it? → II"""
4.c.4.4,4,Eye Catchers · שמות,L2 · דפוס P3 · טקסטים CITY GARDEN · SPORT FOR ALL,שם בשאלה = כתובת פסקה. התלמיד קורא רק את הפסקה של אותו אדם.,P3 — לקרוא רק אצלו,התלמיד קורא את הפסקה של השם שבשאלה בלבד.,שם בשאלה → הפסקה שלו → תשובה. אל תיגע בפסקאות האחרות. הן קיימות כדי לבלבל אותך: הן מכילות מידע אמיתי שלא רלוונטי לשאלה הזו.,GAP · 4 פריטים,"""According to Dr. Maria Santos, what did her team want to show?"" → *that any city can become greener in less than ten years* ⏐ ""According to Dr. Anna Klein, why do adults become stronger swimmers?"" → *because adults understand what the teacher explains and can correct their mistakes more quickly* (או: *they are not afraid to ask questions*) ⏐ ""According to Professor Yuki Tanaka, what is more important than the number of hours slept?"" → *the quality of sleep* ⏐ ""According to Dr. Layla Ahmed, what is the most effective solution?"" → *to invest in local water treatment systems rather than relying on international aid*","""הגעת לפסקה הנכונה — אבל קראת גם את השאר. זה הזמן שיחסר לך בכתיבה.""",3/4.,L2 Q2 · L1 Q2 · L5 T2 · L7 T2
4.c.4.5,4,Eye Catchers · שמות,L2 · דפוס P3 · טקסטים CITY GARDEN · SPORT FOR ALL,שם בשאלה = כתובת פסקה. התלמיד קורא רק את הפסקה של אותו אדם.,מי אמר מה,התלמיד מייחס ציטוט או ממצא למומחה הנכון כששניים מופיעים באותו טקסט.,"ברוב טקסטי מודול C יש שני מומחים, ולעתים הם חלוקים. זה לא במקרה: המסיח הכי יעיל הוא ממצא אמיתי — של האדם הלא נכון. לפני שאתה עונה, ודא של מי הממצא.",MCQ · 5 פריטים,"""We bring the sport to the people, not the people to the sport"" → Dr. Laura Kim (SPORT FOR ALL) ⏐ ממצא: משתתפים 60% פחות סובלים מבעיות בריאות → Professor Marcus Allen ⏐ ""We wanted to show that any city can become greener"" → Dr. Maria Santos ⏐ ממצא: רמות הלחץ ירדו ב-40% → Professor James Wu ⏐ ""A teenager who sleeps seven hours without interruption benefits more"" → Professor Yuki Tanaka (SLEEP DEBATE)","""זה ממצא אמיתי מהטקסט — אבל של החוקר השני. שאלה שמזכירה שם מבקשת רק את מה שהוא אמר או מצא.""",4/5.,L2 · L5 · שני מומחים בכל טקסט
4.c.4.6,4,Eye Catchers · שמות,L2 · דפוס P3 · טקסטים CITY GARDEN · SPORT FOR ALL,שם בשאלה = כתובת פסקה. התלמיד קורא רק את הפסקה של אותו אדם.,שם ומספר באותה שאלה,התלמיד בוחר את המצביע הספציפי יותר.,"כששאלה מכילה גם שם וגם מספר — התחל מהשם. השם מצמצם לפסקה אחת; המספר יכול להופיע בכמה מקומות. אחרי שאתה בפסקה הנכונה, המספר הוא מה שמאתר את המשפט.","MCQ · 4 פריטים · ""לפי מה מנווטים קודם?""",,,3/4.,L2 · WE DO Q3
4.c.4.7,4,Eye Catchers · שמות,L2 · דפוס P3 · טקסטים CITY GARDEN · SPORT FOR ALL,שם בשאלה = כתובת פסקה. התלמיד קורא רק את הפסקה של אותו אדם.,שער סקשן 4,,,CHECK · TIMED 8 דקות · טקסט SPORT FOR ALL,"T1: ""According to Professor Marcus Allen, how did the programme affect participants' health?"" → Participants were 60% less likely to suffer from stress-related health problems ⏐ T2: ""What does Dr. Laura Kim explain about the programme?"" → iii) Why the programme brings sport to different neighbourhoods",,80%.,
4.c.5.1,5,Eye Catchers · מילות שלילה,"L3 · דפוס P4 · טקסטים GIVING TIME, GAINING HAPPINESS · THE SLEEP QUESTION · THE BOREDOM STUDY","התלמיד עוצר אוטומטית כשהוא רואה NOT בשאלה, ומחליף את כיוון החיפוש.",מילון השלילה,זיהוי שבע מילות השלילה הנפוצות.,"שלילה באנגלית לא תמיד נראית כמו ""not"". cannot, never, without, no, fail to, hardly, almost no — כולן הופכות את משמעות המשפט. מילה אחת כזאת, ומשפט שנראה חיובי אומר בדיוק ההפך.",VOCAB · 7 מילים,"not → לא → ""not all types produce the same results"" ⏐ never → אף פעם לא → ""never try to learn"" ⏐ cannot → לא יכול → ""over 30% of adults cannot swim"" ⏐ no → אין / שום → ""no app can replace a real conversation"" ⏐ without → בלי → ""to give their time to help others without payment"" ⏐ almost no → כמעט ואין → ""the streets of Greenville had almost no plants"" ⏐ fail to → לא מצליח ל",,6/7.,
4.c.5.2,5,Eye Catchers · מילות שלילה,"L3 · דפוס P4 · טקסטים GIVING TIME, GAINING HAPPINESS · THE SLEEP QUESTION · THE BOREDOM STUDY","התלמיד עוצר אוטומטית כשהוא רואה NOT בשאלה, ומחליף את כיוון החיפוש.",סימון שלילה בטקסט,סימון כל מילות השלילה בפסקה.,"שלילה היא Eye Catcher כי היא משנה את המשמעות של כל המשפט. סמן אותה תוך כדי קריאה — ואז כשתגיע לשאלה, אתה כבר יודע איפה נמצאים המשפטים ההפוכים.","MARK · טקסט GIVING TIME, GAINING HAPPINESS · 8 יעדים",,,90% · עד 2 מיותרים.,"L3 · ספירת המורה: ""Negative words: without, not, not, However, not all, not, not, no → 8"""
4.c.5.3,5,Eye Catchers · מילות שלילה,"L3 · דפוס P4 · טקסטים GIVING TIME, GAINING HAPPINESS · THE SLEEP QUESTION · THE BOREDOM STUDY","התלמיד עוצר אוטומטית כשהוא רואה NOT בשאלה, ומחליף את כיוון החיפוש.",`not` מול `not all`,התלמיד מבחין בין שלילה מוחלטת לשלילה חלקית.,"not פירושו אף אחד. not all פירושו חלק כן וחלק לא — וזה הפוך לגמרי. כשהטקסט אומר not all types of volunteering produce the same results, הוא לא אומר ששום סוג לא עובד. הוא אומר שחלק מהסוגים כן. שאלות שלמות נופלות על ההבדל הזה.","CLASSIFY · 6 משפטים · ""אף אחד לא"" מול ""חלק כן, חלק לא""","""not all types of volunteering produce the same results"" → חלק מהסוגים כן ⏐ ""No app can replace a real conversation."" → אף אפליקציה לא ⏐ ""not all experts agree"" → חלק מהמומחים מסכימים ⏐ ""Many of them never try to learn."" → הם באמת לא מנסים ⏐ ""not all of these improvements were caused by the forest itself"" → חלק מהשיפור כן נגרם מהיער ⏐ ""not all the students who handwrote scored higher"" → חלק מהם כן קיבלו ציון גבוה יותר","""not all אינו not. הטקסט לא שולל את כל הסוגים — הוא אומר שיש הבדל ביניהם. זו בדיוק ההבחנה שהשאלה בודקת.""",5/6.,L3 · טעות מתועדת מספר 1
4.c.5.4,5,Eye Catchers · מילות שלילה,"L3 · דפוס P4 · טקסטים GIVING TIME, GAINING HAPPINESS · THE SLEEP QUESTION · THE BOREDOM STUDY","התלמיד עוצר אוטומטית כשהוא רואה NOT בשאלה, ומחליף את כיוון החיפוש.",P4 — NOT בשאלה = עצור,התלמיד מחליף את כיוון החיפוש כשהשאלה מכילה NOT.,"כשאתה רואה NOT בשאלה, עצור ואמור לעצמך במפורש: אני לא מחפש מה נכון. אני מחפש את המשפט השקרי. שלוש מהאפשרויות יהיו נכונות לחלוטין — הן לא התשובה. זה מרגיש הפוך, ולכן צריך לומר את זה בקול.",MCQ · 4 פריטים,"i) Dr. Okafor studied volunteering and mental health for ten years. — נכון, מופיע בטקסט ⏐ ii) All types of volunteering produce the same results. ✓ התשובה — הטקסט אומר not all types produce the same results ⏐ iii) Teenagers who volunteer feel less stressed than those who do not. — נכון ⏐ iv) Dr. Okafor found that young volunteers sleep better. — נכון","""בחרת משפט נכון. זו בדיוק המלכודת של שאלת NOT: שלוש האפשרויות הנכונות אינן התשובה. חזור וחפש את היחידה שסותרת את הטקסט.""",3/4.,L3 · Q1 + I DO script
4.c.5.5,5,Eye Catchers · מילות שלילה,"L3 · דפוס P4 · טקסטים GIVING TIME, GAINING HAPPINESS · THE SLEEP QUESTION · THE BOREDOM STUDY","התלמיד עוצר אוטומטית כשהוא רואה NOT בשאלה, ומחליף את כיוון החיפוש.",לבדוק את כל ארבע האפשרויות,בשאלת NOT התלמיד מסמן נכון/שקר לכל אפשרות לפני שבוחר.,"בשאלת NOT אין קיצור דרך. עבור על ארבע האפשרויות, ולכל אחת מצא משפט בטקסט שמאשר או סותר. האפשרות שנשארת בלי אישור — היא התשובה.",MCQ + MARK · 3 פריטים · לכל אפשרות: תיוג נכון/שקר + סימון משפט ההוכחה,"i) Sleep quality is more important than sleep quantity — נכון: *""the quality of sleep matters more than the quantity""* ⏐ ii) Six hours of deep sleep is more restful than nine hours of broken sleep — נכון: *""people who sleep for six hours of deep, uninterrupted sleep feel more rested""* ⏐ iii) The number of hours you sleep is the most important factor ✓ התשובה — הטקסט אומר *""The most important factor is not the number of hours, but the depth of the sleep""* ⏐ iv) Dr. Webb recommends avoiding screens before bed — נכון: *""She recommends that people avoid screens for at least one hour before going to bed""*",,3/3 בסימון הנכון/שקר.,L3 · Timed Challenge
4.c.5.6,5,Eye Catchers · מילות שלילה,"L3 · דפוס P4 · טקסטים GIVING TIME, GAINING HAPPINESS · THE SLEEP QUESTION · THE BOREDOM STUDY","התלמיד עוצר אוטומטית כשהוא רואה NOT בשאלה, ומחליף את כיוון החיפוש.",שער סקשן 5,,,CHECK · 6 פריטים · טקסט THE BOREDOM STUDY,"T2: ""Which statement is NOT true according to the text?"" → ii) All types of boredom have the same positive effect — הטקסט: *""not all types of boredom have the same effect""*",,80%.,
4.c.6.1,6,Eye Catchers · מילות הגבלה,L3 · דפוס P5 · טקסט GIVING TIME,"כשהשאלה או הטקסט מכילים most, only, main — התלמיד מצמצם לתשובה יחידה ופוסל כל אפשרות מכלילה.",מילון ההגבלה,זיהוי שש מילות ההגבלה.,"main, most, only, every, best, the main reason — כל אחת מהן אומרת: יש כאן דבר אחד, לא כמה. כשמילה כזאת מופיעה בשאלה, התשובה הנכונה מדברת על דבר אחד מוגדר.",VOCAB · 6 מילים.,,,5/6.,
4.c.6.2,6,Eye Catchers · מילות הגבלה,L3 · דפוס P5 · טקסט GIVING TIME,"כשהשאלה או הטקסט מכילים most, only, main — התלמיד מצמצם לתשובה יחידה ופוסל כל אפשרות מכלילה.",סימון בטקסט,,,"MARK · טקסט GIVING TIME · יעדים: main reason (פסקה I) · most effective (פסקה II) · וב-SLEEP QUESTION: most people, most important factor",,,90%.,"L3 · ""Key limiters: main, most → 2"""
4.c.6.3,6,Eye Catchers · מילות הגבלה,L3 · דפוס P5 · טקסט GIVING TIME,"כשהשאלה או הטקסט מכילים most, only, main — התלמיד מצמצם לתשובה יחידה ופוסל כל אפשרות מכלילה.","P5 — ""most effective"" פירושו אחד",התלמיד פוסל אפשרות שמכלילה כשהטקסט מגביל.,"הטקסט אומר: the most effective programmes bring young people face to face with the people they help — not online activities. שים לב מה נאמר כאן: לא ""התנדבות עוזרת"", אלא ""סוג אחד של התנדבות הוא היעיל ביותר"". תשובה שמדברת על התנדבות בכלל — שגויה, גם אם היא נכונה עובדתית.",MCQ · 4 פריטים,"✓ ""The most effective volunteering brings young people face to face with those they help."" ⏐ ✗ ""All volunteering produces the same benefits."" — סותר את not all types ⏐ ✗ ""Online volunteering is the most effective."" — הפוך מהטקסט ⏐ ✗ ""Volunteering makes teenagers happy."" — נכון בטקסט, אבל לא עונה על ""מה הכי יעיל""","""בחרת אפשרות כללית. most effective בשאלה מחייב תשובה שמצביעה על סוג אחד — לא על התופעה כולה.""",3/4.,"L3 · טעות מתועדת: ""sees 'most effective' but picks an option about all types"""
4.c.6.4,6,Eye Catchers · מילות הגבלה,L3 · דפוס P5 · טקסט GIVING TIME,"כשהשאלה או הטקסט מכילים most, only, main — התלמיד מצמצם לתשובה יחידה ופוסל כל אפשרות מכלילה.",הגבלה בשאלה מול הגבלה בטקסט,התלמיד מזהה שהשאלה מבקשת סיבה אחת בלבד.,What is the main reason... פירושו שבטקסט יש סיבה אחת שסומנה כעיקרית. תשובה שמונה שתי סיבות תיפסל — גם אם שתיהן מופיעות בטקסט.,MCQ · 4 פריטים · פסילת תשובות שמונות שתי סיבות,,,3/4.,
4.c.6.5,6,Eye Catchers · מילות הגבלה,L3 · דפוס P5 · טקסט GIVING TIME,"כשהשאלה או הטקסט מכילים most, only, main — התלמיד מצמצם לתשובה יחידה ופוסל כל אפשרות מכלילה.",שער סקשן 6,,,CHECK · 5 פריטים · סימון + שאלות most/only,,,80%.,
4.c.7.1,7,Eye Catchers · ניגוד,L3 · דפוס P6 · טקסטים SLEEP QUESTION · BOREDOM STUDY · SCREEN TIME,אחרי however נמצא המידע שהשאלה מחפשת — התלמיד ממשיך לקרוא במקום לעצור.,מילון הניגוד,זיהוי חמש מילות הניגוד.,"however, but, although, while, despite — כולן אומרות אותו דבר: מה שאמרתי עד עכשיו, עכשיו אני הופך. ההבדל ביניהן הוא דקדוקי בלבד, ואליו נגיע בסקשן הכתיבה.",VOCAB · 5 מילים,"however → אולם / אבל → ""However, experts say it is never too late."" ⏐ but → אבל → ""not the number of hours, but the depth of the sleep"" ⏐ although → למרות ש → ""Although it was free, nobody came."" ⏐ while → בעוד ש → ""Some programs meet once a week, while others offer three sessions."" ⏐ despite → למרות → ""Despite the problems, he succeeded.""",,4/5.,
4.c.7.2,7,Eye Catchers · ניגוד,L3 · דפוס P6 · טקסטים SLEEP QUESTION · BOREDOM STUDY · SCREEN TIME,אחרי however נמצא המידע שהשאלה מחפשת — התלמיד ממשיך לקרוא במקום לעצור.,P6 — המידע החשוב נמצא אחרי,התלמיד ממשיך לקרוא אחרי מילת הניגוד במקום לעצור לפניה.,"תלמידים קוראים עד however, מוצאים משפט שנשמע כמו תשובה, ועוצרים. זו טעות: מילת הניגוד קיימת בדיוק כדי לבטל את מה שלפניה. המידע החדש — זה שהשאלה מחפשת — תמיד אחריה.",MARK · 6 פריטים · סימון החלק שאחרי מילת הניגוד,"""Most people know that sleep is important. However, a new study shows that the quality of sleep matters more than the quantity."" → the quality of sleep matters more than the quantity ⏐ ""Many of them feel embarrassed. However, experts say it is never too late."" → experts say it is never too late ⏐ ""Most experts agree that too much screen time can harm children. However, a new study suggests that screen time is not always harmful."" → screen time is not always harmful ⏐ ""The first group exercised 30 minutes. However, the second group reported feeling more energetic."" → the second group reported feeling more energetic ⏐ ""Boredom allows the brain to wander. However, she warns that not all types of boredom have the same effect."" → not all types of boredom have the same effect ⏐ ""Every year the world loses 15 billion trees. However, there are reasons to be hopeful."" → there are reasons to be hopeful","""סימנת את מה שלפני however — וזה בדיוק מה שהמשפט בא לבטל. המידע החדש נמצא אחריה.""",90%.,"L3 · טעות מתועדת: ""Student ignores 'however' — the important info is AFTER"""
4.c.7.3,7,Eye Catchers · ניגוד,L3 · דפוס P6 · טקסטים SLEEP QUESTION · BOREDOM STUDY · SCREEN TIME,אחרי however נמצא המידע שהשאלה מחפשת — התלמיד ממשיך לקרוא במקום לעצור.,הניגוד כתשובה חבויה,התלמיד מאתר תשובה שנמצאת רק במשפט שאחרי הניגוד.,"יש שאלות שהתשובה עליהן קיימת רק בחלק שאחרי however. מי שעוצר לפני, פשוט לא ימצא אותה בשום מקום ויחשוב שהשאלה קשה.",GAP · 4 פריטים,"""What does the text say about people who sleep for nine hours?"" (SLEEP QUESTION) → *may not feel as rested as those who sleep six hours of uninterrupted sleep* ⏐ ""What did the second group report?"" (EXERCISE MYTH) → *feeling more energetic and less stressed* ⏐ ""What type of boredom produced the result?"" (BOREDOM STUDY) → *only passive boredom, such as watching a blank screen* ⏐ ""What does Dr. Park's study suggest about screen time?"" (SCREEN TIME) → *that screen time is not always harmful*",,3/4.,
4.c.7.4,7,Eye Catchers · ניגוד,L3 · דפוס P6 · טקסטים SLEEP QUESTION · BOREDOM STUDY · SCREEN TIME,אחרי however נמצא המידע שהשאלה מחפשת — התלמיד ממשיך לקרוא במקום לעצור.,ארבע המשפחות בטקסט אחד,"סריקה אחת שמסמנת את כל ארבע המשפחות, בלי סימון-יתר.","זה התרגיל שמאחד את כל מה שלמדת בסקשנים 3 עד 7. סריקה אחת, ארבעה סוגי סימון, לפני שקראת שאלה אחת. שים לב: המטרה היא לצמצם. אם סימנת חצי טקסט — לא סיננת כלום, וזה בדיוק כמו לא לסמן.",MARK · טקסט THE SLEEP QUESTION מלא · ~15 יעדים בארבעה צבעים,מספרים: six hours · nine hours · one hour ⏐ שמות: National Sleep Research Centre · Dr. Claire Webb ⏐ שלילה: not the number of hours ⏐ הגבלה: Most people · the most important factor ⏐ ניגוד: However · but,,90% מהיעדים · עד 2 מיותרים.,
4.c.7.5,7,Eye Catchers · ניגוד,L3 · דפוס P6 · טקסטים SLEEP QUESTION · BOREDOM STUDY · SCREEN TIME,אחרי however נמצא המידע שהשאלה מחפשת — התלמיד ממשיך לקרוא במקום לעצור.,שער סקשן 7,,,CHECK · TIMED · סימון טקסט חדש + 3 שאלות שמכסות P4 · P5 · P6,,,80%.,
4.c.8.1,8,הרמזור — לבדוק לפני שעונים,L4 · דפוס P8 · טקסטים GIVING TIME · BOREDOM STUDY,"התלמיד יודע להבחין בין ""אני יודע"" לבין ""אני מנחש"", ופועל אחרת בכל מקרה.",שלושת הצבעים,סיווג מצב לצבע.,"לפני כל תשובה, שאל את עצמך שאלה אחת: מה הצבע שלי? אדום — אני לא מבין את השאלה. צהוב — אני מבין את השאלה, אבל אין לי משפט מהטקסט שמוכיח את התשובה. ירוק — אני מבין את השאלה ויכול להצביע על המשפט. רק ירוק הוא תשובה סופית.",CLASSIFY · 6 מצבים,"""יש לי משפט מהטקסט שאומר בדיוק את זה"" → ירוק ⏐ ""לא הבנתי מילה מרכזית בשאלה"" → אדום ⏐ ""נשמע הכי הגיוני מבין הארבע"" → צהוב ⏐ ""אני יודע את זה מהחיים"" → צהוב ⏐ ""מצאתי את זה בפסקה III כמו שהשאלה ביקשה"" → ירוק ⏐ ""אני לא בטוח מה השאלה מבקשת ממני"" → אדום",,5/6.,
4.c.8.2,8,הרמזור — לבדוק לפני שעונים,L4 · דפוס P8 · טקסטים GIVING TIME · BOREDOM STUDY,"התלמיד יודע להבחין בין ""אני יודע"" לבין ""אני מנחש"", ופועל אחרת בכל מקרה.","אדום — חזרה לשאלה, לא לטקסט","כשלא מבינים את השאלה, מפרקים את השאלה ולא מתרגמים את הטקסט.","אדום פירושו שהבעיה בשאלה, לא בטקסט. אל תתחיל לתרגם פסקאות. חזור לשאלה, מצא את המילה האחת שלא הבנת, וטפל רק בה. אם מותר מילון — הוא לשאלה, לא לטקסט.",MCQ · 4 תרחישים,"""לא הבנתי מילה אחת בשאלה"" → תרגם את המילה הזו בלבד (לא: תרגם את כל השאלה) ⏐ ""לא הבנתי את כל השאלה"" → פרק לפי P1: מה מילות המפתח? ⏐ ""הטקסט מלא במילים שאני לא מכיר"" → זה לא אדום; אתה לא צריך את רובן ⏐ ""אני לא יודע כלום על הנושא"" → זה לא אדום; התשובה בטקסט","""תרגמת את כל השאלה כשמילה אחת הייתה חסרה. זה בזבוז זמן שיחסר לך אחר כך.""",3/4.,"L4 · טעויות מתועדות: ""uses dictionary for text words"" · ""translates every word in the question when only ONE keyword was unclear"""
4.c.8.3,8,הרמזור — לבדוק לפני שעונים,L4 · דפוס P8 · טקסטים GIVING TIME · BOREDOM STUDY,"התלמיד יודע להבחין בין ""אני יודע"" לבין ""אני מנחש"", ופועל אחרת בכל מקרה.",צהוב — לחפש משפט,"התלמיד מזהה שתשובה בלי הוכחה היא צהובה, לא ירוקה.","""נשמע נכון"" הוא הצבע הצהוב. זה לא אומר שאתה טועה — זה אומר שעוד לא סיימת. חזור לטקסט וחפש משפט. מצאת — הפכת לירוק. לא מצאת בתוך 30 שניות — סמן ועבור.",MCQ · 5 תשובות עם נימוק · סיווג לצבע,,,4/5.,
4.c.8.4,8,הרמזור — לבדוק לפני שעונים,L4 · דפוס P8 · טקסטים GIVING TIME · BOREDOM STUDY,"התלמיד יודע להבחין בין ""אני יודע"" לבין ""אני מנחש"", ופועל אחרת בכל מקרה.",ירוק אמיתי — הוכחה ועוד ניסוח,התלמיד מאמת ירוק בשתי דרישות: משפט הוכחה + יכולת לנסח את השאלה בעברית.,"ירוק דורש שני דברים, לא אחד: יש לי משפט מהטקסט, וגם אני יכול להגיד בעברית מה השאלה מבקשת. אם אתה לא מצליח להגיד את השאלה במילים שלך — אתה צהוב, גם אם מצאת משפט שנראה מתאים.",MARK + WRITE · 4 פריטים · סימון משפט + ניסוח השאלה בעברית בשלוש מילים,,"""סימנת משפט, אבל לא הצלחת לנסח מה נשאל. זה צהוב — ותשובות צהובות הן אלה שנופלות.""",3/4.,"L4 · טעות מתועדת: ""marks GREEN but cannot explain the question in Hebrew — this is actually YELLOW"""
4.c.8.5,8,הרמזור — לבדוק לפני שעונים,L4 · דפוס P8 · טקסטים GIVING TIME · BOREDOM STUDY,"התלמיד יודע להבחין בין ""אני יודע"" לבין ""אני מנחש"", ופועל אחרת בכל מקרה.",דירוג לפני הגשה,התלמיד מצמיד צבע לכל תשובה לפני שמסיים.,"בסוף כל סט שאלות, עבור על התשובות שלך וסמן לכל אחת צבע. הצהובות הן רשימת המשימות שלך אם נשאר זמן. זה גם מה שיגיד לך, אחרי הסימולציה, איפה בדיוק אתה מפסיד נקודות.",CLASSIFY · 4 תשובות שהתלמיד עצמו נתן בצומת קודם,,,דירוג מלא.,
4.c.8.6,8,הרמזור — לבדוק לפני שעונים,L4 · דפוס P8 · טקסטים GIVING TIME · BOREDOM STUDY,"התלמיד יודע להבחין בין ""אני יודע"" לבין ""אני מנחש"", ופועל אחרת בכל מקרה.",שער סקשן 8,,,CHECK · 6 פריטים · שאלות + דירוג צבע לכל אחת,,,80% בתשובות וגם התאמה בין הצבע שהתלמיד נתן לבין נכונות התשובה (מדד כיול).,
4.c.9.1,9,שאלות פרט,L5 · דפוס P9 · טקסטים THE SLEEP DEBATE · GIVING TIME,"תשובה קצרה, בלשון הטקסט, עם משפט הוכחה מסומן.",מילות שאלות פרט,זיהוי הפורמט מתוך ניסוח השאלה.,"mention, state, describe, according to the text — כל אלה אומרים דבר אחד: התשובה כתובה בטקסט במפורש. אתה לא צריך להסיק, לפרש או לחשוב. אתה צריך למצוא.","VOCAB · 5 מילים · כולל despite, improve, cause, require, quality מ-Circle 2",,,4/5.,
4.c.9.2,9,שאלות פרט,L5 · דפוס P9 · טקסטים THE SLEEP DEBATE · GIVING TIME,"תשובה קצרה, בלשון הטקסט, עם משפט הוכחה מסומן.","קודם ההוכחה, אחר כך התשובה",התלמיד מסמן את משפט ההוכחה לפני שהוא כותב.,"סדר קבוע: קודם מסמנים את המשפט בטקסט, אחר כך כותבים. הסדר ההפוך — לכתוב מהזיכרון ואז לחפש הצדקה — הוא איך שתלמידים כותבים תשובות שנשמעות טוב ולא מדויקות.",MARK → GAP · 4 פריטים · שני שלבים לכל שאלה,"""How many students did Dr. Fatima Hasan study?"" → *""examined 3,000 high school students over four years""* → 3,000 high school students ⏐ ""According to Professor Tanaka, what is more important?"" → *""the quality of sleep is more important than the quantity""* → the quality of sleep ⏐ ""What did Dr. Okafor find about teenagers who volunteer?"" → *""teenagers who volunteer feel less stressed and sleep better""* → they feel less stressed and sleep better ⏐ ""What does Professor Mills argue?"" → *""helping others teaches young people skills that no classroom can ever replace""* → that helping others teaches skills no classroom can replace",,3/4 · חובה סימון לפני כתיבה.,"L5 · ""Underline the proof sentence first, then write"""
4.c.9.3,9,שאלות פרט,L5 · דפוס P9 · טקסטים THE SLEEP DEBATE · GIVING TIME,"תשובה קצרה, בלשון הטקסט, עם משפט הוכחה מסומן.",במילים של הטקסט,התלמיד משתמש בלשון הטקסט ולא בניסוח עצמאי.,"אתה לא נבחן על יצירתיות. ניסוח מחדש מהראש מכניס שגיאות דקדוק ולפעמים משנה את המשמעות. קח את המילים מהטקסט, התאם אותן למשפט שלך, וזהו.",WRITE · 4 פריטים · rubric גלוי,,,3 מתוך 3 קריטריונים בשלושה פריטים מתוך ארבעה.,"L5 · טעות מתועדת: ""writes their own opinion instead of text words"""
4.c.9.4,9,שאלות פרט,L5 · דפוס P9 · טקסטים THE SLEEP DEBATE · GIVING TIME,"תשובה קצרה, בלשון הטקסט, עם משפט הוכחה מסומן.",לספור מילים בתשובה,התלמיד מקצר תשובה ארוכה בלי לאבד תוכן.,תשובה של 25 מילים לשאלה שביקשה תשובה אחת היא סיכון מיותר: כל משפט נוסף הוא הזדמנות לשגיאת דקדוק. תרגל לקצר.,WRITE · 3 פריטים · קיצור תשובה נתונה לשמונה מילים,,,2/3.,"L5 · ""gives a long answer when the question says ONE answer"""
4.c.9.5,9,שאלות פרט,L5 · דפוס P9 · טקסטים THE SLEEP DEBATE · GIVING TIME,"תשובה קצרה, בלשון הטקסט, עם משפט הוכחה מסומן.",שער סקשן 9,,,CHECK · TIMED · 4 שאלות פרט · טקסט SLEEP DEBATE,,,80% · לכל תשובה נדרש סימון הוכחה.,
4.c.10.1,10,רב-ברירה ואלימינציה,L6 · טקסט THE SCREEN TIME DEBATE,"התלמיד פוסל שיטתית לפני שהוא בוחר, ומזהה את ארבעת סוגי המסיחים.",ארבעת סוגי המסיחים,התלמיד מסווג מסיח לסוג ומסביר למה הוא שגוי.,"מסיחים במודול C אינם אקראיים. יש להם ארבעה סוגים, וברגע שאתה מזהה את הסוג, הפסילה מיידית: 1. פסקה שגויה — נכון, אבל לא במקום שהשאלה ביקשה. 2. מידע נכון, שאלה אחרת — עובדה אמיתית מהטקסט, שלא עונה על מה שנשאל. 3. נכון חלקית — חצי מהמשפט נכון, חצי לא. 4. לא מוזכר — נשמע הגיוני, לא קיים בטקסט.",CLASSIFY · 8 מסיחים אמיתיים מהשיעורים,"""Where they can find swimming classes"" (בשאלה על פסקה I) → פסקה שגויה ⏐ ""How many people visited Greenville from other countries"" (בשאלה על Wu) → מידע נכון, שאלה אחרת ⏐ ""Why he disagrees with Dr. Santos's findings"" → לא מוזכר ⏐ ""Why she chose to study children at Stanford"" → לא מוזכר ⏐ ""Watching videos for up to two hours"" → נכון חלקית — הזמן והפעילות שגויים ⏐ ""Why they are usually slower than children"" → סותר את הטקסט ⏐ ""Dr. Amara Diallo works for Global Forest Watch"" (בשאלת רעיון מרכזי) → מידע נכון, שאלה אחרת ⏐ ""Reading electronic books for more than one hour"" → נכון חלקית",,6/8.,
4.c.10.2,10,רב-ברירה ואלימינציה,L6 · טקסט THE SCREEN TIME DEBATE,"התלמיד פוסל שיטתית לפני שהוא בוחר, ומזהה את ארבעת סוגי המסיחים.","""לא מוזכר"" — הפסילה הזולה",התלמיד מוחק תחילה את מה שלא קיים בטקסט.,"תתחיל מהזול: מבין ארבע האפשרויות, בדרך כלל אחת או שתיים פשוט לא קיימות בטקסט. אתה לא צריך להבין אותן — רק לוודא שהמילים שלהן לא מופיעות. שתי פסילות בעשר שניות, ונשארת עם שתיים.","MCQ · 5 פריטים · שלב פסילה בלבד, בלי לבחור תשובה",,,4/5.,
4.c.10.3,10,רב-ברירה ואלימינציה,L6 · טקסט THE SCREEN TIME DEBATE,"התלמיד פוסל שיטתית לפני שהוא בוחר, ומזהה את ארבעת סוגי המסיחים.",מילה משותפת אינה תשובה,התלמיד לא בוחר אפשרות רק משום שהיא חוזרת על מילה מהשאלה.,הבוחן יודע שהעין שלך מחפשת התאמה. לכן המסיח הכי מפתה הוא זה שמשתמש במילה מהשאלה או מהטקסט. חזרה על מילה אינה ראיה — ראיה היא משפט שעונה על מה שנשאל.,"MCQ · 5 פריטים · לכל אפשרות: ""יש מילה משותפת?"" ו""עונה על השאלה?""",,"""בחרת את האפשרות שחזרה על מילה מהשאלה. זה פיתיון מכוון — בדוק אם היא באמת עונה.""",4/5.,"L6 · טעות מתועדת: ""chooses the first option that mentions a word from the question"""
4.c.10.4,10,רב-ברירה ואלימינציה,L6 · טקסט THE SCREEN TIME DEBATE,"התלמיד פוסל שיטתית לפני שהוא בוחר, ומזהה את ארבעת סוגי המסיחים.",חובה לעבור על כל ארבע,התלמיד קורא את כל האפשרויות לפני שהוא בוחר.,"גם אם האפשרות הראשונה נראית מושלמת — קרא את ארבע. במודול C נפוץ שהאפשרות הראשונה נכונה חלקית, והרביעית נכונה במלואה.",MCQ · 4 פריטים · הממשק מחייב תיוג של כל אפשרות (פוסל / שומר) לפני ההגשה,,,3/4.,"L6 · ""does not check all four options before deciding"""
4.c.10.5,10,רב-ברירה ואלימינציה,L6 · טקסט THE SCREEN TIME DEBATE,"התלמיד פוסל שיטתית לפני שהוא בוחר, ומזהה את ארבעת סוגי המסיחים.",הכרעה בין השתיים ששרדו,"התלמיד מכריע לפי משפט בטקסט, לא לפי תחושה.","נשארת עם שתיים — זה הרגע הקובע. אל תבחר לפי ""מה נשמע יותר טוב"". חזור לטקסט וחפש את המילה שמפרידה ביניהן. בדרך כלל ההבדל הוא מילה אחת: מספר, מגבלה, או שם.",MCQ + MARK · 4 פריטים,"i) Watching videos for up to two hours ✗ ⏐ ii) Playing online games with friends ✗ ⏐ iii) Creative activities like drawing or coding for up to one hour ✓ — *""creative screen activities — such as drawing or coding programmes""* + up to one hour a day ⏐ iv) Reading electronic books for more than one hour ✗",,3/4 · חובה סימון המילה המכריעה.,
4.c.10.6,10,רב-ברירה ואלימינציה,L6 · טקסט THE SCREEN TIME DEBATE,"התלמיד פוסל שיטתית לפני שהוא בוחר, ומזהה את ארבעת סוגי המסיחים.",שער סקשן 10,,,CHECK · 6 פריטים · טקסט SCREEN TIME,"T1: ""What do we learn about the study led by Dr. Emily Park?"" → ii) How many children she studied and how old they were (4,500 · גילאי 8–12)",,80%.,
4.c.11.1,11,השלמת משפט,L7 · דפוס P10 · טקסטים THE JOB REVOLUTION · THE WATER CRISIS,השלמה שמתאימה גם בתוכן וגם בדקדוק לפתיח שניתן.,הפתיח מכתיב את ההמשך,התלמיד קורא את סוף הפתיח ומזהה איזה סוג מילה חייב לבוא אחריו.,"לפני שאתה מחפש בטקסט, הסתכל על שתיים-שלוש המילים האחרונות של הפתיח. Adults who practice regularly ___ דורש פועל. The government gives workers ___ דורש שם עצם. no app can replace ___ דורש שם עצם. זה מצמצם לך את מה שאתה מחפש עוד לפני שהתחלת.","MCQ · 5 פריטים · ""מה חייב לבוא אחרי?""","""Adults who practice regularly ___"" → פועל ⏐ ""The government of Singapore gives workers ___"" → שם עצם ⏐ ""According to Dr. Tanaka, no app can replace ___"" → שם עצם ⏐ ""Participants were ___"" → תואר / ביטוי תיאורי ⏐ ""Over ___ currently have no access to safe drinking water."" → מספר + שם עצם",,4/5.,
4.c.11.2,11,השלמת משפט,L7 · דפוס P10 · טקסטים THE JOB REVOLUTION · THE WATER CRISIS,השלמה שמתאימה גם בתוכן וגם בדקדוק לפתיח שניתן.,"P10 — מצא, התאם, בדוק",שלושת השלבים ברצף.,"שלושה שלבים תמיד באותו סדר: מצא את המשפט בטקסט · התאם רק את החלק שממלא את החור · בדוק שהמשפט המלא תקין דקדוקית. אנשים מדלגים על שלב 3, וזה בדיוק מה שעולה להם בנקודות.",GAP · 4 פריטים,"""The government of Singapore gives workers ___"" → *500 dollars a year to spend on training courses* → JOB REVOLUTION III ⏐ ""Adults who practice regularly ___"" → *usually make good progress in less than two months* → SWIM III ⏐ ""Over ___ currently have no access to safe drinking water."" → *2 billion people* → WATER CRISIS ⏐ ""The three most important skills are ___"" → *critical thinking, digital literacy, and communication* → JOB REVOLUTION II",,3/4.,L7 · I DO + WE DO
4.c.11.3,11,השלמת משפט,L7 · דפוס P10 · טקסטים THE JOB REVOLUTION · THE WATER CRISIS,השלמה שמתאימה גם בתוכן וגם בדקדוק לפתיח שניתן.,לא להתחיל משפט חדש,התלמיד ממשיך את המשפט הקיים ולא כותב משפט עצמאי.,"Complete the sentence פירושו שהמשפט כבר התחיל. אתה ממשיך אותו. תלמידים כותבים משפט שלם חדש — והתוצאה היא משפט כפול שאינו תקין: *""Adults who practice regularly. They make good progress.""*","MCQ · 4 פריטים · שתי השלמות לאותו פתיח, אחת יוצרת משפט תקין",,"""כתבת משפט חדש. קרא את המשפט המלא בקול — הוא לא מתחבר. ההשלמה צריכה להמשיך את מה שכבר כתוב.""",3/4.,"L7 · טעות מתועדת: ""answers with a full new sentence instead of completing the given one"""
4.c.11.4,11,השלמת משפט,L7 · דפוס P10 · טקסטים THE JOB REVOLUTION · THE WATER CRISIS,השלמה שמתאימה גם בתוכן וגם בדקדוק לפתיח שניתן.,יחיד/רבים וזמן בתוך ההשלמה,התלמיד מתאים את הפועל לנושא של הפתיח.,"הפתיח קובע את הנושא. Adults הוא רבים — לכן make ולא makes. אם העתקת מהטקסט משפט שהנושא שלו יחיד, אתה חייב להתאים.",GAP · 5 תיקונים,"""Adults who practice regularly makes good progress."" → make ⏐ ""Workers who complete a course is less likely to lose their jobs."" → are ⏐ ""The government give every worker 500 dollars."" → gives ⏐ ""Participants was 60% less likely to suffer."" → were ⏐ ""Teenagers who volunteer feels less stressed."" → feel",,4/5.,
4.c.11.5,11,השלמת משפט,L7 · דפוס P10 · טקסטים THE JOB REVOLUTION · THE WATER CRISIS,השלמה שמתאימה גם בתוכן וגם בדקדוק לפתיח שניתן.,לקצר בדיוק לחור,התלמיד לוקח מהטקסט רק את החלק הנדרש.,"אל תעתיק משפט שלם לתוך החור. הפתיח כבר מכיל חצי מהמידע — אם תעתיק הכול, תקבל כפילות: *""no app can replace no app can replace a real conversation""*.",WRITE · 4 פריטים · קיצור העתקה מלאה להשלמה מדויקת,,,3/4.,
4.c.11.6,11,השלמת משפט,L7 · דפוס P10 · טקסטים THE JOB REVOLUTION · THE WATER CRISIS,השלמה שמתאימה גם בתוכן וגם בדקדוק לפתיח שניתן.,שער סקשן 11,,,CHECK · 5 פריטים · טקסט WATER CRISIS,"T2: ""According to Dr. Layla Ahmed, what is the most effective solution?"" → *to invest in local water treatment systems rather than relying on international aid*",,80%.,
4.c.12.1,12,שתי תשובות נכונות,L8 · דפוס P11 · טקסט THE READING DEBATE,"בדיוק שתי תשובות, לכל אחת הוכחה נפרדת.",לזהות את הפורמט,התלמיד מבחין בין הוראת רב-ברירה להוראת שתי תשובות.,"PUT A √ BY THE TWO CORRECT ANSWERS הוא פורמט אחר לגמרי מ-Circle the number of the correct answer. הוא אף פעם לא אומר ""הקף מספר"". חצי מהטעויות בפורמט הזה הן פשוט אי-קריאה של ההוראה.","CLASSIFY · 6 הוראות אמיתיות · ""רב-ברירה"" מול ""שתי תשובות""",,,5/6.,"L8 · ""the √ format never has 'circle the number'"""
4.c.12.2,12,שתי תשובות נכונות,L8 · דפוס P11 · טקסט THE READING DEBATE,"בדיוק שתי תשובות, לכל אחת הוכחה נפרדת.","P11 — מצאת אחת, המשך לחפש",התלמיד ממשיך לבדוק אחרי שמצא תשובה נכונה אחת.,"הטעות כאן היא טעות של הרגל: מצאת תשובה נכונה, המוח אומר ""סיימתי"". בפורמט הזה תמיד יש שנייה, והיא שווה אותו מספר נקודות.",MCQ · 4 פריטים · הממשק חוסם הגשה עם סימון אחד,"i) She studied teenagers in five different countries ✓ — *""across five countries""* ⏐ ii) She found that reading on screens was less effective ✗ — הטקסט אומר את ההפך: *""reading on a screen was as effective as reading a printed book""* ⏐ iii) She examined 6,000 teenagers in her study ✓ — *""examined reading habits among 6,000 teenagers""* ⏐ iv) She argues that schools should change their reading curriculum ✗ — זה Professor Lee, לא Dr. Cohen",,3/4 עם שתי בחירות נכונות בכל פריט.,
4.c.12.3,12,שתי תשובות נכונות,L8 · דפוס P11 · טקסט THE READING DEBATE,"בדיוק שתי תשובות, לכל אחת הוכחה נפרדת.",הוכחה נפרדת לכל אחת,התלמיד מסמן שני משפטי הוכחה שונים.,שתי התשובות צריכות שני משפטים שונים. אם שתיהן נשענות על אותו משפט — כנראה אחת מהן שגויה.,MARK · 4 פריטים,,,3/4.,"L8 · ""finds two but does not check the evidence for both"""
4.c.12.4,12,שתי תשובות נכונות,L8 · דפוס P11 · טקסט THE READING DEBATE,"בדיוק שתי תשובות, לכל אחת הוכחה נפרדת.",שלוש היא טעות,התלמיד מסמן בדיוק שתיים.,"""יותר סימונים = יותר סיכוי"" לא עובד כאן. שלושה סימונים פוסלים את התשובה גם אם שתיים מהן נכונות.",MCQ · 3 פריטים · בדיקת ספירה לפני הגשה,,,3/3.,
4.c.12.5,12,שתי תשובות נכונות,L8 · דפוס P11 · טקסט THE READING DEBATE,"בדיוק שתי תשובות, לכל אחת הוכחה נפרדת.",שער סקשן 12,,,CHECK · 4 פריטים · טקסט READING DEBATE,"T2: ""What does Professor Sam Lee argue about reading in schools?"" → *a daily activity in all subjects, not only in language classes*",,80%.,
4.c.13.1,13,שאלות התייחסות,L9 · דפוס P7 · טקסטים THE EXERCISE MYTH · THE FOREST EXPERIMENT · THE MEMORY STUDY,"התלמיד יודע בוודאות למה מתייחס it / they / this, ומאמת בהצבה.",מילון ההפניה,זיהוי הכינויים והבחנה בין it ל-this.,it מפנה בדרך כלל לדבר. this מפנה בדרך כלל לרעיון או לממצא שהוזכר. they לרבים. ההבחנה הזו לבדה פותרת חלק מהשאלות עוד לפני החיפוש.,VOCAB · 6 מילים · it · they · this · these · them · refer to,,,5/6.,
4.c.13.2,13,שאלות התייחסות,L9 · דפוס P7 · טקסטים THE EXERCISE MYTH · THE FOREST EXPERIMENT · THE MEMORY STUDY,"התלמיד יודע בוודאות למה מתייחס it / they / this, ומאמת בהצבה.",P7 — משפט אחד אחורה,התלמיד קורא את המשפט שלפני הכינוי ומחפש בו שם עצם.,"אל תסרוק את הפסקה. התשובה כמעט תמיד בשם העצם האחרון של המשפט הקודם. זה כלל מכני — קרא משפט אחד אחורה, קח את שם העצם.",MARK · 5 פריטים,"""They found that stress levels fell by 35%"" → *""Scientists at Uppsala University in Sweden have been studying...""* → the scientists at Uppsala University ⏐ ""It requires people to process and rephrase the information"" → *""...people remember information better when they write it by hand""* → handwriting ⏐ ""They also reported feeling more energetic"" → *""The second group did seven minutes of intense exercise three times a day.""* → the groups of volunteers / participants ⏐ ""Once they are gone, they cannot easily be replaced"" → *""...says Dr. Amara Diallo""* על היערות → the forests ⏐ ""This finding challenges everything experts have said"" → *""short bursts of intense exercise can be just as effective as longer workouts""* → the finding that short exercise is as effective",,4/5.,L9 · L10 · I DO scripts
4.c.13.3,13,שאלות התייחסות,L9 · דפוס P7 · טקסטים THE EXERCISE MYTH · THE FOREST EXPERIMENT · THE MEMORY STUDY,"התלמיד יודע בוודאות למה מתייחס it / they / this, ומאמת בהצבה.",לא באותו משפט,התלמיד פוסל שם עצם שנמצא באותו משפט עם הכינוי.,"שם עצם שנמצא באותו משפט עם הכינוי הוא בדרך כלל לא התשובה — כי אם הוא היה שם, לא היה צורך בכינוי מלכתחילה. העין נמשכת למילה הקרובה; ההיגיון אומר להסתכל אחורה.",MCQ · 4 פריטים,,"""בחרת את המילה הקרובה ביותר לכינוי. בדוק אם היא באותו משפט — אם כן, כמעט תמיד זו לא התשובה.""",3/4.,"L9 · ""chooses a noun that is in the same sentence as the pronoun — usually wrong"""
4.c.13.4,13,שאלות התייחסות,L9 · דפוס P7 · טקסטים THE EXERCISE MYTH · THE FOREST EXPERIMENT · THE MEMORY STUDY,"התלמיד יודע בוודאות למה מתייחס it / they / this, ומאמת בהצבה.",מבחן ההצבה,התלמיד מציב את שם העצם במקום הכינוי ובודק היגיון.,"אחרי שבחרת — הצב. קרא את המשפט כשבמקום הכינוי נמצא שם העצם שבחרת. *""Handwriting requires people to process and rephrase the information.""* הגיוני. אם המשפט נשמע מוזר — טעית.",MCQ + WRITE · 4 פריטים · כתיבת המשפט המלא אחרי ההצבה,,,3/4.,"L9 · טעות מתועדת: ""does not do the substitution test — they guess"""
4.c.13.5,13,שאלות התייחסות,L9 · דפוס P7 · טקסטים THE EXERCISE MYTH · THE FOREST EXPERIMENT · THE MEMORY STUDY,"התלמיד יודע בוודאות למה מתייחס it / they / this, ומאמת בהצבה.",יחיד/רבים כמסנן מהיר,התלמיד פוסל אפשרויות לפי התאמת מספר.,They לא יכול להפנות לשם עצם ביחיד. It לא יכול להפנות לרבים. עשר שניות של בדיקה מספרית פוסלות לך שתי אפשרויות בלי לחשוב על התוכן.,MCQ · 5 פריטים,,,4/5.,
4.c.13.6,13,שאלות התייחסות,L9 · דפוס P7 · טקסטים THE EXERCISE MYTH · THE FOREST EXPERIMENT · THE MEMORY STUDY,"התלמיד יודע בוודאות למה מתייחס it / they / this, ומאמת בהצבה.",שער סקשן 13,,,CHECK · 5 פריטים · טקסט FOREST EXPERIMENT,"T1: *""They found that stress levels fell by an average of 35%""* → the scientists at Uppsala University ⏐ T2: ""According to Professor Anna Lindgren, what does she plan to do next?"" → *repeat the experiment with a group that walks in a city, not a forest*",,80%.,
4.c.14.1,14,שאלות הסקה,L10 · דפוס P13 · טקסטים THE EXERCISE MYTH · THE MEMORY STUDY,מסקנה שנשענת על שני נתונים מהטקסט — ולא על ידע חיצוני.,לזהות שאלת הסקה,התלמיד מבחין בין שאלת פרט לשאלת הסקה.,"infer, imply, suggest, we can understand — כשאחת מאלה מופיעה, אין בטקסט משפט אחד עם התשובה. אם תחפש אותו, תבזבז זמן ותתייאש. במקום זה — תחפש שני נתונים ותחבר.","CLASSIFY · 6 שאלות · ""פרט"" מול ""הסקה""",,,5/6.,"L10 · ""confuses inference with main idea — inference requires combining"""
4.c.14.2,14,שאלות הסקה,L10 · דפוס P13 · טקסטים THE EXERCISE MYTH · THE MEMORY STUDY,מסקנה שנשענת על שני נתונים מהטקסט — ולא על ידע חיצוני.,שני נתונים לפני מסקנה,התלמיד מסמן שתי פיסות מידע לפני שהוא בוחר.,"הכלל: אין מסקנה לפני שני סימונים. סמן את הנתון הראשון, סמן את השני, ורק אז הסתכל על האפשרויות. תלמיד שניגש לאפשרויות עם נתון אחד — בוחר את מה שנשמע הכי הגיוני, וזה בדיוק המסיח.",MARK · 4 פריטים,,,3/4 · חובה שני סימונים.,
4.c.14.3,14,שאלות הסקה,L10 · דפוס P13 · טקסטים THE EXERCISE MYTH · THE MEMORY STUDY,מסקנה שנשענת על שני נתונים מהטקסט — ולא על ידע חיצוני.,P13 — לחבר ולהסיק,התלמיד מנסח מסקנה שנובעת משני הנתונים גם יחד.,המסקנה חייבת לנבוע משני הנתונים. אם היא נובעת רק מאחד מהם — היא לא מספיקה. אם היא לא נובעת מאף אחד — היא מהראש שלך.,MCQ · 4 פריטים,"i) The pen is more comfortable than a keyboard ✗ — לא מוזכר ⏐ ii) The brain works harder when processing information by hand ✓ — *""handwriting requires people to process and rephrase the information, rather than simply copying it""* ⏐ iii) Writing is faster than typing ✗ — הטקסט אומר שכתיבה איטית דווקא פוגעת ⏐ iv) Students who handwrite study for longer ✗ — לא מוזכר",,3/4.,
4.c.14.4,14,שאלות הסקה,L10 · דפוס P13 · טקסטים THE EXERCISE MYTH · THE MEMORY STUDY,מסקנה שנשענת על שני נתונים מהטקסט — ולא על ידע חיצוני.,"""הגיוני"" אינו ""משתמע""",התלמיד פוסל מסקנה סבירה שאין לה בסיס בטקסט.,ההבדל בין הסקה לניחוש: הסקה יש לה עקבות בטקסט. אתה יכול להצביע על שני משפטים ולהראות איך הם מובילים למסקנה. ניחוש הוא מה שנשמע הכי הגיוני — והוא בדיוק מה שהמסיח בנוי עליו.,"CLASSIFY · 5 מסקנות · ""נובע מהטקסט"" מול ""מהידע שלי""",,"""המסקנה שלך סבירה לגמרי — אבל אין לה שני נתונים בטקסט. במודול C זה נחשב תשובה שגויה.""",4/5.,"L10 · ""brings in outside knowledge — 'but I know from real life that...'"""
4.c.14.5,14,שאלות הסקה,L10 · דפוס P13 · טקסטים THE EXERCISE MYTH · THE MEMORY STUDY,מסקנה שנשענת על שני נתונים מהטקסט — ולא על ידע חיצוני.,הסקה מול רעיון מרכזי,התלמיד מבחין בין שני סוגי השאלות.,"רעיון מרכזי נמצא במשפט אחד — בדרך כלל הראשון בפסקה. הסקה מחייבת חיבור של שני מקומות. אם אתה מוצא את התשובה במשפט אחד, זו לא הייתה שאלת הסקה.",CLASSIFY · 4 פריטים.,,,3/4.,
4.c.14.6,14,שאלות הסקה,L10 · דפוס P13 · טקסטים THE EXERCISE MYTH · THE MEMORY STUDY,מסקנה שנשענת על שני נתונים מהטקסט — ולא על ידע חיצוני.,שער סקשן 14,,,CHECK · TIMED · 4 פריטים · טקסט MEMORY STUDY + EXERCISE MYTH,,,80%.,
4.c.15.1,15,רעיון מרכזי,L11 · דפוס P12 · טקסטים THE LAST FORESTS · THE PLASTIC PROBLEM,התלמיד בוחר תשובה שמכסה את כל הפסקה — לא פרט ולא הכללה.,משפט הנושא,התלמיד מזהה את משפט הנושא ובודק אותו מול שאר הפסקה.,"ברוב הפסקאות במודול C, המשפט הראשון הוא הרעיון המרכזי. אבל אל תסתפק בזה — בדוק: האם כל שאר המשפטים בפסקה תומכים בו? אם כן, מצאת.",MARK · 5 פסקאות,,,4/5.,
4.c.15.2,15,רעיון מרכזי,L11 · דפוס P12 · טקסטים THE LAST FORESTS · THE PLASTIC PROBLEM,התלמיד בוחר תשובה שמכסה את כל הפסקה — לא פרט ולא הכללה.,מוקדם אינו מרכזי,התלמיד פוסל פרט שמופיע בתחילת הפסקה.,"""זה הופיע בשורה הראשונה"" אינו נימוק. פרט שמופיע מוקדם הוא עדיין פרט. השאלה היא לא איפה זה נמצא — אלא כמה מהפסקה זה מסביר.","CLASSIFY · 6 משפטים · ""רעיון מרכזי"" מול ""פרט""","""The worldwide loss of trees is a serious and growing problem"" → רעיון מרכזי ⏐ ""Dr. Amara Diallo works for Global Forest Watch"" → פרט ⏐ ""Forests covered 50% of the earth's surface 100 years ago"" → פרט ⏐ ""Trees cannot easily be replaced once destroyed"" → פרט ⏐ ""The world loses 15 billion trees every year"" → פרט תומך ⏐ ""Scientists are deeply worried"" → פרט תומך",,5/6.,"L11 · טעות מתועדת: ""picks a detail mentioned early — 'early' does not mean 'main'"""
4.c.15.3,15,רעיון מרכזי,L11 · דפוס P12 · טקסטים THE LAST FORESTS · THE PLASTIC PROBLEM,התלמיד בוחר תשובה שמכסה את כל הפסקה — לא פרט ולא הכללה.,מבחן הכיסוי,התלמיד בודק לכל אפשרות כמה מהפסקה היא מסבירה.,"לכל אפשרות שאל: כמה מהפסקה היא מכסה? תשובה שמסבירה משפט אחד — פרט. תשובה שמסבירה את כל המשפטים — רעיון מרכזי. זה מבחן מכני, לא תחושה.",MCQ · 4 פריטים,i) The worldwide loss of trees is a serious and growing problem ✓ — מכסה את כל הפסקה ⏐ ii) Dr. Amara Diallo works for an organisation called Global Forest Watch ✗ — מכסה משפט אחד ⏐ iii) Forests covered 50% of the earth's surface 100 years ago ✗ — מספר אחד ⏐ iv) Trees cannot easily be replaced once they are destroyed ✗ — תוצאה אחת,,3/4.,
4.c.15.4,15,רעיון מרכזי,L11 · דפוס P12 · טקסטים THE LAST FORESTS · THE PLASTIC PROBLEM,התלמיד בוחר תשובה שמכסה את כל הפסקה — לא פרט ולא הכללה.,רחב מדי נפסל גם הוא,התלמיד פוסל אפשרות כללית מדי.,"""הטקסט עוסק בסביבה"" אינו רעיון מרכזי — זה נושא. רעיון מרכזי אומר מה נטען על הנושא. הבוחן שם תמיד אפשרות רחבה מדי, כי היא מרגישה בטוחה.",MCQ · 4 פריטים,,,3/4.,"L11 · ""picks a very general option — too broad to be a main idea"""
4.c.15.5,15,רעיון מרכזי,L11 · דפוס P12 · טקסטים THE LAST FORESTS · THE PLASTIC PROBLEM,התלמיד בוחר תשובה שמכסה את כל הפסקה — לא פרט ולא הכללה.,כותרת בארבע מילים,התלמיד מנסח בעצמו רעיון מרכזי.,"אם אתה יכול לתת לפסקה כותרת של עד ארבע מילים, הבנת את הרעיון המרכזי שלה. אם הכותרת שלך מתארת רק חצי מהפסקה — לא הבנת.",WRITE · 3 פסקאות · כותרת עד 4 מילים,,,2/3.,
4.c.15.6,15,רעיון מרכזי,L11 · דפוס P12 · טקסטים THE LAST FORESTS · THE PLASTIC PROBLEM,התלמיד בוחר תשובה שמכסה את כל הפסקה — לא פרט ולא הכללה.,שער סקשן 15,,,CHECK · 5 פריטים · טקסט PLASTIC PROBLEM,T1 → ii) Plastic pollution in the oceans is a serious and growing problem that requires urgent action,,80%.,
4.c.16.1,16,עמדת הכותב,L12 · טקסטים THE LAST FORESTS · THE CLEAN ENERGY TRANSITION,התלמיד מזהה טון ומוכיח אותו במילה מהטקסט.,מילות עמדה,זיהוי שש מילות העמדה הנפוצות.,"הכותב לא כותב ""אני מודאג"". הוא כותב unfortunately, deeply worried, critical, alarming — ואלה המילים שמסגירות את עמדתו. בשאלת טון, המילים האלה הן ה-Eye Catchers שלך.",VOCAB · 6 מילים,unfortunately → למרבה הצער → הכותב עצוב או מודאג ⏐ fortunately → למרבה המזל → הכותב מקווה או מוקל ⏐ concerned → מודאג → דאגה ממצב רציני ⏐ cautiously → בזהירות → מקווה אך לא בטוח ⏐ alarming → מדאיג מאוד → דאגה חריפה ⏐ surprisingly → באופן מפתיע → הממצא נגד הציפייה,,5/6.,
4.c.16.2,16,עמדת הכותב,L12 · טקסטים THE LAST FORESTS · THE CLEAN ENERGY TRANSITION,התלמיד מזהה טון ומוכיח אותו במילה מהטקסט.,מילות עמדה הן ה-Eye Catchers כאן,"בשאלת טון התלמיד סורק תארים ותוארי פועל, לא עובדות.","בשאלת טון, המספרים והשמות לא יעזרו לך. סרוק את התארים ותוארי הפועל: deeply worried, critical, fortunately, not fast enough. שם נמצאת התשובה.",MARK · 6 פריטים,LAST FORESTS פסקה I → deeply worried · critical · cannot easily be replaced ⏐ LAST FORESTS פסקה III → there are reasons to be hopeful · it is possible · difficult choices ⏐ CLEAN ENERGY → Fortunately · not happening fast enough · need to triple,,90%.,"L12 · טעות מתועדת: ""cannot find attitude words because they are not highlighted"""
4.c.16.3,16,עמדת הכותב,L12 · טקסטים THE LAST FORESTS · THE CLEAN ENERGY TRANSITION,התלמיד מזהה טון ומוכיח אותו במילה מהטקסט.,ארבעת הטונים,סיווג משפט לאחד מארבעה טונים.,ארבע אפשרויות בלבד: מודאג · אופטימי · ביקורתי · ניטרלי. ביקורתי פירושו שהכותב מאשים או דורש שינוי. ניטרלי פירושו שאין לו עמדה בכלל.,CLASSIFY · 8 משפטים,"""Unfortunately, the situation is getting worse."" → מודאג ⏐ ""Fortunately, some countries are acting."" → אופטימי ⏐ ""Scientists are deeply worried."" → מודאג ⏐ ""The government has failed to act for a decade."" → ביקורתי ⏐ ""The study examined 3,000 students over four years."" → ניטרלי ⏐ ""There are reasons to be hopeful."" → אופטימי ⏐ ""The only question is whether governments have the political will."" → ביקורתי ⏐ ""Forests cover less than 30% of the earth's surface today."" → ניטרלי",,6/8.,
4.c.16.4,16,עמדת הכותב,L12 · טקסטים THE LAST FORESTS · THE CLEAN ENERGY TRANSITION,התלמיד מזהה טון ומוכיח אותו במילה מהטקסט.,ניטרלי אינו מאוזן,התלמיד מבחין בין היעדר עמדה לבין הצגת שני צדדים.,"טקסט שמציג שני מומחים חלוקים אינו ""ניטרלי"" — הוא מציג מחלוקת, ולכותב עדיין יכולה להיות עמדה. ניטרלי פירושו שאין שום מילה שמסגירה רגש: רק עובדות, מספרים ודיווח.",MCQ · 4 פריטים,,"""יש כאן שני צדדים — אבל זה לא הופך את הכותב לניטרלי. חפש מילות רגש: אם יש, יש עמדה.""",3/4.,"L12 · טעות מתועדת: ""confuses neutral with balanced"""
4.c.16.5,16,עמדת הכותב,L12 · טקסטים THE LAST FORESTS · THE CLEAN ENERGY TRANSITION,התלמיד מזהה טון ומוכיח אותו במילה מהטקסט.,לא לחזק את הטון,התלמיד בוחר את עוצמת הטון המדויקת.,cautiously optimistic אינו optimistic. concerned אינו angry. הבוחן שם תמיד אפשרות שהיא הטון הנכון בעוצמה מוגזמת — והיא שגויה.,MCQ · 4 פריטים,"i) Pessimistic — clean energy will never be affordable ✗ — סותר את *""cost has fallen by more than 80%""* ⏐ ii) Fully optimistic — climate change has been solved ✗ — חזק מדי; הטקסט מזהיר במפורש ⏐ iii) Cautiously hopeful but concerned about the speed of change ✓ — Fortunately + not happening fast enough ⏐ iv) Neutral — reporting facts without any personal view ✗ — יש Fortunately ויש אזהרה",,3/4.,"L12 · טעות מתועדת: ""picks optimistic when the text is cautiously hopeful"""
4.c.16.6,16,עמדת הכותב,L12 · טקסטים THE LAST FORESTS · THE CLEAN ENERGY TRANSITION,התלמיד מזהה טון ומוכיח אותו במילה מהטקסט.,"הכותב, לא אני",התלמיד מפריד בין דעתו לבין עמדת הכותב.,"השאלה אינה מה אתה חושב על יערות. השאלה היא מה הכותב חושב, ואיזו מילה שלו מוכיחה את זה.",MCQ · 4 פריטים · שתי אפשרויות בכל פריט: דעת הקורא מול עמדת הכותב,,,3/4.,"L12 · ""writes their own opinion about the topic instead of the author's"""
4.c.16.7,16,עמדת הכותב,L12 · טקסטים THE LAST FORESTS · THE CLEAN ENERGY TRANSITION,התלמיד מזהה טון ומוכיח אותו במילה מהטקסט.,שער סקשן 16,,,CHECK · 5 פריטים · LAST FORESTS,"Q: ""What is the author's attitude in paragraph I towards the loss of forests?"" → iii) Concerned and alarmed · הוכחה: *""scientists are deeply worried""* + *""the situation is critical""*",,80% · לכל תשובה נדרשת מילת הוכחה מסומנת.,
4.c.17.1,17,בנק מילים · חברה וקהילה,L13 · Circles 1–3,20 מילים שהתלמיד גם מזהה בקריאה וגם מייצר בכתיבה.,קהילה והתנדבות — 10 מילים,,,VOCAB · 10 מילים · שני סבבים,"community → קהילה → ""The local community volunteered."" ⏐ volunteer → מתנדב / להתנדב → ""She volunteers twice a week."" ⏐ responsible → אחראי → ""Students became more responsible."" ⏐ programme → תוכנית → ""The training programme lasted two years."" ⏐ opportunity → הזדמנות → ""Volunteering is a great opportunity."" ⏐ provide → מספק → ""The programme provides free classes."" ⏐ benefit → יתרון / להפיק תועלת → ""The benefits go beyond happiness."" ⏐ protect → מגן → ""Laws protect the forests."" ⏐ increase → עלה / גדל → ""The number of trees increased."" ⏐ resident → תושב → ""85% of residents said...""",,8/10.,
4.c.17.2,17,בנק מילים · חברה וקהילה,L13 · Circles 1–3,20 מילים שהתלמיד גם מזהה בקריאה וגם מייצר בכתיבה.,חינוך ובריאות — 10 מילים,,,VOCAB · 10 מילים,"improve → לשפר → ""Students improved their results."" ⏐ effective → יעיל → ""The most effective programmes..."" ⏐ successful → מוצלח → ""Students became more successful."" ⏐ focused → ממוקד → ""Students became more focused in class."" ⏐ stress → לחץ → ""Stress levels fell by 40%."" ⏐ result → תוצאה → ""The results showed that..."" ⏐ require → דורש → ""The task requires concentration."" ⏐ quality → איכות → ""The quality of sleep matters."" ⏐ cause → גורם / סיבה → ""Noise causes stress."" ⏐ introduce → הכניס / הציג → ""Schools introduced new programmes.""",,8/10.,
4.c.17.3,17,בנק מילים · חברה וקהילה,L13 · Circles 1–3,20 מילים שהתלמיד גם מזהה בקריאה וגם מייצר בכתיבה.,Notice — זיהוי בהקשר,"התלמיד מזהה את המילה בתוך טקסט רץ, לא ברשימה.",מילה שלמדת ברשימה נשכחת. מילה שראית בתוך משפט נשארת. עכשיו תמצא את המילים של היום בתוך טקסט שכבר קראת.,GAP · 8 פריטים · השלמה מבנק מילים,"""The local ___ volunteered."" → community ⏐ ""The programme ___ free fitness classes."" → provides ⏐ ""Students became more ___ in class."" → focused ⏐ ""The ___ of sleep matters more than the quantity."" → quality ⏐ ""Laws ___ the forests."" → protect ⏐ ""The most ___ programmes bring people face to face."" → effective ⏐ ""___ levels fell by 40%."" → Stress ⏐ ""The number of trees ___ by 40%."" → increased",,6/8.,
4.c.17.4,17,בנק מילים · חברה וקהילה,L13 · Circles 1–3,20 מילים שהתלמיד גם מזהה בקריאה וגם מייצר בכתיבה.,community אינו country,התלמיד מבחין בין מילים קרובות בסקאלה.,"community היא קבוצת אנשים במקום מקומי — שכונה, בית ספר, עיר קטנה. לא מדינה, לא כיתה. community centre = מרכז קהילתי.",MCQ · 4 פריטים,,,3/4.,L13 · טעות מתועדת
4.c.17.5,17,בנק מילים · חברה וקהילה,L13 · Circles 1–3,20 מילים שהתלמיד גם מזהה בקריאה וגם מייצר בכתיבה.,volunteer — שם עצם וגם פועל,התלמיד משתמש במילה בשני התפקידים.,"a volunteer = אדם. to volunteer = הפעולה. שתי הצורות זהות באנגלית, ולכן צריך לשים לב למה שסביבן: She volunteers twice a week (פועל) מול 300 volunteers worked there (שם עצם).",GAP · 5 פריטים,"""She ___ twice a week."" → volunteers — פועל ⏐ ""More than 300 ___ joined the project."" → volunteers — שם עצם ⏐ ""Many teenagers want to ___ in their community."" → volunteer — פועל ⏐ ""He is a ___ at the local centre."" → volunteer — שם עצם ⏐ ""Students who ___ feel less stressed."" → volunteer — פועל",,4/5.,L13 · טעות מתועדת
4.c.17.6,17,בנק מילים · חברה וקהילה,L13 · Circles 1–3,20 מילים שהתלמיד גם מזהה בקריאה וגם מייצר בכתיבה.,benefit — שם עצם מול צירוף,התלמיד כותב benefit from ולא benefit of.,a benefit = יתרון (שם עצם). to benefit from = להפיק תועלת מ־. הצירוף benefit of הוא השגיאה הנפוצה ביותר עם המילה הזו בכתיבה.,GAP · 5 פריטים,"""Workers benefit ___ the programme."" → from ⏐ ""The ___ of volunteering go beyond happiness."" → benefits ⏐ ""I benefit ___ playing sport."" → from ⏐ ""One ___ of volunteering is new skills."" → benefit ⏐ ""Students ___ from real-life experience."" → benefit",,4/5.,L13 · L14 · טעות מתועדת פעמיים
4.c.17.7,17,בנק מילים · חברה וקהילה,L13 · Circles 1–3,20 מילים שהתלמיד גם מזהה בקריאה וגם מייצר בכתיבה.,Use — משפט משלי,"התלמיד מייצר משפט תקין עם המילה, בנושא שלו.",זיהוי אינו ייצור. אתה יכול לזהות opportunity בטקסט ועדיין לא להצליח לכתוב איתה משפט. עכשיו כותבים.,WRITE · 3 משפטים · rubric: (1) המילה בשימוש נכון (2) נושא + פועל (3) לא העתקה מהטקסט,,,3/3 קריטריונים בשני משפטים מתוך שלושה.,"L13 · ""memorizes translation but cannot use the word in a sentence"""
4.c.17.8,17,בנק מילים · חברה וקהילה,L13 · Circles 1–3,20 מילים שהתלמיד גם מזהה בקריאה וגם מייצר בכתיבה.,שער אוצר מילים 1,,,CHECK · TIMED · 15 מילים · כתיבת העברית מהזיכרון,,,12/15.,
4.c.18.1,18,"בנק מילים · טכנולוגיה, סביבה ו-collocations",L14 · Circles 2–3,20 מילים + ארבעה צירופים שהופכים כתיבה לטבעית.,טכנולוגיה — 10 מילים,,,VOCAB · 10 מילים,"research → מחקר → בלתי ספיר — אין a research ⏐ technology → טכנולוגיה → בלתי ספיר ⏐ develop → לפתח → ""Companies develop new technologies."" ⏐ replace → להחליף → ""No app can replace a real conversation."" ⏐ access → גישה → ""access to clean water"" ⏐ device → מכשיר ⏐ suggest → מציע / מצביע על → ""The study suggests that..."" — לא ודאות מלאה ⏐ produce → מייצר → ""Not all types produce the same results."" ⏐ claim → טוען → אמירה שלא בהכרח הוכחה ⏐ limitation → מגבלה → ""The study has serious limitations.""",,8/10.,
4.c.18.2,18,"בנק מילים · טכנולוגיה, סביבה ו-collocations",L14 · Circles 2–3,20 מילים + ארבעה צירופים שהופכים כתיבה לטבעית.,סביבה — 10 מילים,,,VOCAB · 10 מילים,"environment → סביבה → environmental = תואר ⏐ prevent → למנוע → ""Exercise prevents health problems."" ⏐ destroy / destruction → להרוס / הרס ⏐ severe → חמור → ""more severe droughts"" ⏐ warn → מזהיר → ""Dr. Diallo warns about the forests."" ⏐ individual → יחיד / אישי → ""Every individual can make a difference."" ⏐ cause → לגרום / סיבה → פועל וגם שם עצם ⏐ maintain → לשמור על → ""cannot maintain this routine"" ⏐ challenge → אתגר / לאתגר → ""This challenges what experts believed."" ⏐ similar → דומה → ""The results were similar.""",,8/10.,
4.c.18.3,18,"בנק מילים · טכנולוגיה, סביבה ו-collocations",L14 · Circles 2–3,20 מילים + ארבעה צירופים שהופכים כתיבה לטבעית.,research הוא בלתי ספיר,התלמיד כותב research shows ולא a research.,"באנגלית אין a research ואין researches. אומרים research shows, research suggests, the research found. זו שגיאה שקופצת לעין הבוחן מיד.",GAP · 5 תיקונים,"""She did a research about exercise."" → ""She did research on exercise."" / ""Her research examined..."" ⏐ ""Many researches show that..."" → ""Much research shows that..."" ⏐ ""A research from Stanford found..."" → ""Research from Stanford found..."" ⏐ ""I read a research yesterday."" → ""I read a study yesterday."" ⏐ ""The researches are clear."" → ""The research is clear.""",,4/5.,L14 · טעות מתועדת
4.c.18.4,18,"בנק מילים · טכנולוגיה, סביבה ו-collocations",L14 · Circles 2–3,20 מילים + ארבעה צירופים שהופכים כתיבה לטבעית.,affect מול effect,התלמיד בוחר נכון בין הפועל לשם העצם.,"affect הוא פועל: *Noise affects sleep.* effect הוא שם עצם: *The effect is serious.* זהו זוג המילים הנפוץ ביותר בשגיאות של מודול C, והוא מופיע גם בקריאה וגם בכתיבה.",GAP · 6 פריטים,"""Noise ___ sleep."" → affects ⏐ ""The ___ of noise is serious."" → effect ⏐ ""Screen time can ___ children's sleep."" → affect ⏐ ""Volunteering has a positive ___ on teenagers."" → effect ⏐ ""How did the programme ___ participants' health?"" → affect ⏐ ""Not all types of boredom have the same ___."" → effect",,5/6.,L4 · L14 · שתי הופעות
4.c.18.5,18,"בנק מילים · טכנולוגיה, סביבה ו-collocations",L14 · Circles 2–3,20 מילים + ארבעה צירופים שהופכים כתיבה לטבעית.,ארבעת הצירופים לכתיבה,התלמיד משתמש בארבעה צירופים מוכנים.,ידיעת מילה אינה מספיקה — צריך לדעת עם מה היא הולכת. ארבעה צירופים מוכנים שאפשר להכניס כמעט לכל פסקה: an effective way to · benefit from · research shows / suggests · have a positive / negative effect on. שנן אותם כיחידה אחת.,VOCAB + GAP · 8 פריטים,"""Volunteering is an effective way ___ build skills."" → to ⏐ ""Teenagers benefit ___ real-life experience."" → from ⏐ ""Research ___ that sleep matters."" → shows / suggests ⏐ ""Sport has a positive effect ___ mental health."" → on",,6/8.,
4.c.18.6,18,"בנק מילים · טכנולוגיה, סביבה ו-collocations",L14 · Circles 2–3,20 מילים + ארבעה צירופים שהופכים כתיבה לטבעית.,effective חייב שם עצם אחריו,התלמיד לא כותב It is effective בלי המשך.,"effective צריך לענות על השאלה ""יעיל למה"". It is effective תלוי באוויר. כתוב an effective way to improve..., an effective solution for....",WRITE · 4 תיקונים,,,3/4.,L15 · טעות מתועדת
4.c.18.7,18,"בנק מילים · טכנולוגיה, סביבה ו-collocations",L14 · Circles 2–3,20 מילים + ארבעה צירופים שהופכים כתיבה לטבעית.,שער אוצר מילים 2,,,CHECK · TIMED · 15 פריטים · מילים + צירופים,,,12/15.,
4.c.19.1,19,מקריאה לכתיבה,"L15 · טקסט GIVING TIME, GAINING HAPPINESS",התלמיד לוקח מילים מטקסט קריאה ומשתמש בהן בנושא אחר.,Notice — מה שווה לקחת,"התלמיד מזהה צירופים שימושיים לכתיבה, לא מילים נדירות.","כשאתה קורא טקסט בבחינה, אתה גם אוסף חומר לכתיבה שלך. אבל אל תיקח מילים נדירות — קח צירופים שאפשר להשתמש בהם בכל נושא: the most effective, go beyond, according to many experts, plays an important role.",MARK · 6 יעדים בטקסט GIVING TIME,,,4/6.,
4.c.19.2,19,מקריאה לכתיבה,"L15 · טקסט GIVING TIME, GAINING HAPPINESS",התלמיד לוקח מילים מטקסט קריאה ומשתמש בהן בנושא אחר.,Understand — מה זה אומר כאן,,,MCQ · 5 פריטים · בחירת המשמעות בהקשר,,,4/5.,
4.c.19.3,19,מקריאה לכתיבה,"L15 · טקסט GIVING TIME, GAINING HAPPINESS",התלמיד לוקח מילים מטקסט קריאה ומשתמש בהן בנושא אחר.,Adapt — לקחת את המבנה,התלמיד ממיר צירוף מהטקסט לנושא אחר.,"אתה לא מעתיק את המשפט — אתה לוקח את המבנה ומחליף את התוכן. הטקסט אומר the most effective programmes bring young people face to face. אתה כותב: an effective way to improve my school is to bring students together. אותו מבנה, נושא אחר.",WRITE · 4 המרות,"""the most effective programmes bring young people face to face"" → ""an effective way to improve my school is to bring students together"" ⏐ ""the benefits go beyond simple happiness"" → ""the benefits of a part-time job go beyond money"" ⏐ ""skills that no classroom can ever replace"" → ""experience that no textbook can replace"" ⏐ ""students became more responsible and more focused"" → ""teenagers become more responsible when they work""",,3/4.,
4.c.19.4,19,מקריאה לכתיבה,"L15 · טקסט GIVING TIME, GAINING HAPPINESS",התלמיד לוקח מילים מטקסט קריאה ומשתמש בהן בנושא אחר.,העתקה אינה התאמה,התלמיד מזהה מתי הוא העתיק ולא התאים.,"משפט שהועתק כלשונו מהטקסט לא נחשב לכתיבה שלך. השינוי חייב להיות אמיתי: נושא אחר, או לפחות שם עצם ופועל שונים.","CLASSIFY · 5 משפטים · ""הועתק"" מול ""הותאם""",,,4/5.,L15 · טעות מתועדת
4.c.19.5,19,מקריאה לכתיבה,"L15 · טקסט GIVING TIME, GAINING HAPPINESS",התלמיד לוקח מילים מטקסט קריאה ומשתמש בהן בנושא אחר.,"""according to me"" אינו קיים",התלמיד כותב in my opinion או I think.,"according to משמש רק למישהו אחר: according to Dr. Klein, according to the text. על עצמך כותבים in my opinion או I think that. according to me לא קיים באנגלית.",GAP · 4 תיקונים,,,3/4.,L15 · טעות מתועדת
4.c.19.6,19,מקריאה לכתיבה,"L15 · טקסט GIVING TIME, GAINING HAPPINESS",התלמיד לוקח מילים מטקסט קריאה ומשתמש בהן בנושא אחר.,שער סקשן 19,,,CHECK · 5 פריטים · Notice → Adapt → Use על טקסט חדש,,,80%.,
4.c.20.1,20,משפטים שעובדים,L16,"ארבעה משפטים תקינים על כל נושא, בלי חמש השגיאות היקרות.",בלי פועל אין משפט,התלמיד מזהה משפט חסר פועל.,"Many students jobs after school נראה כמו משפט. הוא לא — אין בו פועל. זו השגיאה שהכי עולה נקודות בכתיבה, והיא גם הקלה ביותר לתפיסה: אחרי כל משפט שכתבת, שאל ""איפה הפועל"".","CLASSIFY · 8 פריטים · ""משפט תקין"" מול ""חסר פועל""","""Many students jobs after school."" → חסר פועל ⏐ ""Many students have jobs after school."" → תקין ⏐ ""Because sport."" → חסר פועל ופסוקית ⏐ ""Volunteering teaches responsibility."" → תקין ⏐ ""The benefits of volunteering."" → חסר פועל ⏐ ""Volunteering has many benefits."" → תקין ⏐ ""For example, many schools programmes for teenagers."" → חסר פועל ⏐ ""For example, many schools offer programmes for teenagers."" → תקין",,6/8.,
4.c.20.2,20,משפטים שעובדים,L16,"ארבעה משפטים תקינים על כל נושא, בלי חמש השגיאות היקרות.",מצא את הפועל,,,MARK · 6 משפטים · סימון הפועל,,,5/6.,
4.c.20.3,20,משפטים שעובדים,L16,"ארבעה משפטים תקינים על כל נושא, בלי חמש השגיאות היקרות.",יחיד ורבים,התאמת פועל לנושא.,Students is שגוי — רבים דורש are. Working develop שגוי — working הוא יחיד ודורש develops. עברו על כל משפט ובדקו: הנושא יחיד או רבים?,GAP · 6 תיקונים,"""Students is good at sport."" → are ⏐ ""Many students has part-time jobs."" → have ⏐ ""Working develop important skills."" → develops ⏐ ""All student benefit from experience."" → All students ⏐ ""The programme provide free classes."" → provides ⏐ ""Teenagers who volunteer feels less stressed."" → feel",,5/6.,L16 · L17 · error clinic
4.c.20.4,20,משפטים שעובדים,L16,"ארבעה משפטים תקינים על כל נושא, בלי חמש השגיאות היקרות.",זמנים — `I was think`,התלמיד לא מערבב זמנים.,"I was think אינו קיים. או I think (הווה), או I thought (עבר), או I was thinking (הווה ממושך בעבר). בכתיבת דעה — כמעט תמיד I think.","GAP · 5 תיקונים · כולל ""I was enjoy volunteering last year"" → I enjoyed",,,4/5.,L16 · L17
4.c.20.5,20,משפטים שעובדים,L16,"ארבעה משפטים תקינים על כל נושא, בלי חמש השגיאות היקרות.",בלי `the` בהכללה,התלמיד משמיט the במשפטי הכללה.,"כשמדברים על קבוצה בכללותה — בלי the. Teenagers need more opportunities ולא The teenagers. עם the המשמעות היא ""אותם מתבגרים מסוימים שדיברנו עליהם"".",GAP · 5 תיקונים,,,4/5.,L16 · טעות מתועדת
4.c.20.6,20,משפטים שעובדים,L16,"ארבעה משפטים תקינים על כל נושא, בלי חמש השגיאות היקרות.",`because` דורש פסוקית שלמה,התלמיד כותב נושא ופועל אחרי because.,Because sport אינו משפט. אחרי because חייבים נושא ופועל: because sport helps people relax. וגם לפני because צריך משפט ראשי.,GAP · 5 תיקונים,,,4/5.,
4.c.20.7,20,משפטים שעובדים,L16,"ארבעה משפטים תקינים על כל נושא, בלי חמש השגיאות היקרות.","מילה, צירוף, משפט",בנייה מדורגת במקום כתיבה מהראש.,"אל תנסה לכתוב משפט שלם בבת אחת. קח מילה, הפוך אותה לצירוף, ואז למשפט. volunteer → to volunteer at a local centre → Many teenagers volunteer at a local centre after school.",WRITE · 3 בניות מדורגות,,,2/3.,
4.c.20.8,20,משפטים שעובדים,L16,"ארבעה משפטים תקינים על כל נושא, בלי חמש השגיאות היקרות.","ארבעה משפטים, ארבעה פעלים",התלמיד כותב ארבעה משפטים ובודק אותם בעצמו.,,WRITE · פסקה של 4 משפטים + בדיקה עצמית מובנית (סימון הפועל בכל משפט),,,4 פעלים מסומנים ותקינים.,
4.c.20.9,20,משפטים שעובדים,L16,"ארבעה משפטים תקינים על כל נושא, בלי חמש השגיאות היקרות.",שער סקשן 20,,,CHECK · 8 פריטים · זיהוי ותיקון של חמש השגיאות,,,80%.,
4.c.21.1,21,מקשרים ומרפאת שגיאות,L17 · CONNECTOR DRILL · error clinic,"פסקה מחוברת, לא רשימת משפטים.",חמשת המקשרים ותפקידם,התלמיד יודע מה כל מקשר עושה.,חמישה מקשרים מספיקים לכל מטלת כתיבה במודול C. לכל אחד תפקיד אחד: because נותן סיבה · however מנגיד · also / in addition מוסיפים · for example מדגים · although מנגיד בתוך משפט אחד.,VOCAB · 5 מקשרים + התפקיד שלהם.,,,4/5.,
4.c.21.2,21,מקשרים ומרפאת שגיאות,L17 · CONNECTOR DRILL · error clinic,"פסקה מחוברת, לא רשימת משפטים.",`because` לא פותח משפט עצמאי,התלמיד לא כותב משפט שמתחיל ב-because ואין בו פסוקית ראשית.,"Because I like sport. אינו משפט — זו חצי מחשבה. או I do sport because I like it, או Because I like sport, I train every day. תמיד שני חלקים.",MCQ · 5 פריטים · תקין / לא תקין,,,4/5.,L17 · error clinic פריט 2
4.c.21.3,21,מקשרים ומרפאת שגיאות,L17 · CONNECTOR DRILL · error clinic,"פסקה מחוברת, לא רשימת משפטים.",לא `however` ולא `but` יחד,התלמיד לא מכפיל מקשרי ניגוד.,"However, but I think... הוא ניגוד כפול. בחר אחד: However, I think... או ..., but I think....",MCQ · 4 פריטים,,,3/4.,L17 · error clinic פריט 3
4.c.21.4,21,מקשרים ומרפאת שגיאות,L17 · CONNECTOR DRILL · error clinic,"פסקה מחוברת, לא רשימת משפטים.",`also` מול `although`,התלמיד מבחין בין הוספה לניגוד.,also מוסיף מידע באותו כיוון. although מנגיד. הן נשמעות דומה ומבלבלות — אבל הן עושות דברים הפוכים.,GAP · 6 פריטים,,,5/6.,L17 · טעות מתועדת
4.c.21.5,21,מקשרים ומרפאת שגיאות,L17 · CONNECTOR DRILL · error clinic,"פסקה מחוברת, לא רשימת משפטים.",`for example` בלי `that`,"התלמיד כותב For example, many students...","For example that many students volunteer שגוי. אחרי for example בא פסיק ואז שם עצם או משפט: For example, many students volunteer.",GAP · 4 תיקונים,,,3/4.,L17 · error clinic פריט 6
4.c.21.6,21,מקשרים ומרפאת שגיאות,L17 · CONNECTOR DRILL · error clinic,"פסקה מחוברת, לא רשימת משפטים.",מרפאת שגיאות — עשרה תיקונים,התלמיד מזהה ומתקן את עשר השגיאות הנפוצות.,,WRITE · 10 תיקונים · מתוך ה-error clinic המקורי,"1 → ""Many students has part-time jobs."" → have ⏐ 2 → ""Because I think volunteering is important."" → הוסף פסוקית ראשית או הסר את because ⏐ 3 → ""However, but some students cannot find work."" → הסר but ⏐ 4 → ""The teenagers need more opportunities."" → הסר The ⏐ 5 → ""I was enjoy volunteering last year."" → I enjoyed ⏐ 6 → ""For example that many schools have programmes."" → הסר that ⏐ 7 → ""Working develop important skills."" → develops ⏐ 8 → ""In addition to I think it is a good idea."" → In addition, I think... ⏐ 9 → ""All student benefit from experience."" → All students ⏐ 10 → ""I believe volunteering is a good idea although."" → ""Although it takes time, I believe volunteering is a good idea.""",,8/10.,
4.c.21.7,21,מקשרים ומרפאת שגיאות,L17 · CONNECTOR DRILL · error clinic,"פסקה מחוברת, לא רשימת משפטים.",פסקה עם כל חמשת המקשרים,התלמיד כותב 70–90 מילים עם כל המקשרים.,"עכשיו מחברים הכול. פסקה אחת, 70–90 מילים, על ""האם למתבגרים כדאי לעבוד בעבודה חלקית"". חובה: כל חמשת המקשרים. *""I think that teenagers should have a part-time job because it teaches them important skills. For example, they learn to be responsible and to manage their time. However, some teenagers may find it difficult to balance work and school. Although this is a challenge, I believe the benefits are greater. In addition, having a job gives teenagers financial independence.""*",WRITE · פסקה אחת · rubric: 5 מקשרים · פועל בכל משפט · 70–90 מילים,,,כל שלושת הקריטריונים.,L17 · YOU DO + מודל התשובה
4.c.21.8,21,מקשרים ומרפאת שגיאות,L17 · CONNECTOR DRILL · error clinic,"פסקה מחוברת, לא רשימת משפטים.",שער סקשן 21,,,CHECK · 6 פריטים · CONNECTOR DRILL המקורי,,,5/5 בתרגיל המקשרים.,
4.c.22.1,22,ניהול זמן,L18 · L19 · דפוס P15 · טקסט THE DEEP SEA MYSTERY,התלמיד לא מאבד את מטלת הכתיבה בגלל שאלה קשה אחת.,לוח ה-90 דקות,התלמיד יודע את חלוקת הזמן בעל פה.,"40 דקות קריאה · 20 דקות כתיבה · השאר לבדיקה ולחזרה לשאלות מסומנות. הכתיבה מתחילה בדקה 40 — גם אם לא סיימת את הקריאה. זה לא רעיון, זה כלל.",CLASSIFY · 5 פריטים · סידור שלבי הבחינה על ציר זמן,,,סידור נכון מלא.,
4.c.22.2,22,ניהול זמן,L18 · L19 · דפוס P15 · טקסט THE DEEP SEA MYSTERY,התלמיד לא מאבד את מטלת הכתיבה בגלל שאלה קשה אחת.,"P15 — סמן, עבור, חזור",התלמיד עוזב שאלה קשה בתוך 90 שניות.,"ההחלטה הזו אינה נתונה למשא ומתן. תקוע 90 שניות — סמן, עבור לשאלה הבאה, חזור בסוף אם יש זמן. ""עוד דקה אחת"" הוא איך שמאבדים את מטלת הכתיבה.","TIMED · 6 שאלות · שתיים מהן קשות במכוון; אחרי 90 שניות הממשק מציג רק את כפתור ""סמן ועבור""",,,התלמיד לא חרג ביותר משאלה אחת.,"L18 · ""P15 must be automatic, not negotiated"""
4.c.22.3,22,ניהול זמן,L18 · L19 · דפוס P15 · טקסט THE DEEP SEA MYSTERY,התלמיד לא מאבד את מטלת הכתיבה בגלל שאלה קשה אחת.,לתעד את הזמן בסימון,התלמיד רושם כמה זמן נשאר כשהוא מסמן שאלה.,אם סימנת ארבע שאלות ונשארו לך שלוש דקות — אתה לא חוזר לכולן. תעד: לאיזו שאלה יש הכי הרבה סיכוי לתשובה מהירה. אליה תחזור ראשון.,"MCQ · 4 תרחישים · ""לאיזו שאלה לחזור ראשונה""",,,3/4.,"L18 · ""returns to marked questions but now has no time"""
4.c.22.4,22,ניהול זמן,L18 · L19 · דפוס P15 · טקסט THE DEEP SEA MYSTERY,התלמיד לא מאבד את מטלת הכתיבה בגלל שאלה קשה אחת.,רמזור ו-P15 יחד,התלמיד מזהה ששאלה אדומה היא מועמדת מיידית לסימון.,"אדום (לא מבין את השאלה) פירושו סמן ועבור — עכשיו. צהוב פירושו נסה 30 שניות למצוא הוכחה, ואז החלט. ירוק פירושו ענה והמשך. הרמזור הוא מה שמפעיל את P15.",CLASSIFY · 5 שאלות · צבע + החלטה,,,4/5.,
4.c.22.5,22,ניהול זמן,L18 · L19 · דפוס P15 · טקסט THE DEEP SEA MYSTERY,התלמיד לא מאבד את מטלת הכתיבה בגלל שאלה קשה אחת.,סט קריאה מלא בזמן,,,TIMED · טקסט THE DEEP SEA MYSTERY · 4 שאלות · 35 דקות,,,סיום בזמן + 75% נכונות.,
4.c.22.6,22,ניהול זמן,L18 · L19 · דפוס P15 · טקסט THE DEEP SEA MYSTERY,התלמיד לא מאבד את מטלת הכתיבה בגלל שאלה קשה אחת.,כתיבה בזמן,,,TIMED · 20 דקות · 70–90 מילים,,,"בתוך הזמן, בטווח המילים.",
4.c.22.7,22,ניהול זמן,L18 · L19 · דפוס P15 · טקסט THE DEEP SEA MYSTERY,התלמיד לא מאבד את מטלת הכתיבה בגלל שאלה קשה אחת.,שער סקשן 22,,,CHECK · TIMED · קריאה + כתיבה ברצף · 55 דקות,,,80% + עמידה בחלוקת הזמן.,
4.c.23.1,23,YES או NO,L20 · דפוס P14 שלב 1,"עמדה ברורה תוך 30 שניות, בלי ""שני הצדדים"".",מילות דעה,התלמיד פותח בניסוח נכון.,In my opinion · I believe that · I think that — שלושתן תקינות. According to me אינו קיים. בחר אחת ותיצמד אליה.,VOCAB · 4 פריטים,,,3/4.,
4.c.23.2,23,YES או NO,L20 · דפוס P14 שלב 1,"עמדה ברורה תוך 30 שניות, בלי ""שני הצדדים"".","""שני הצדדים"" מוריד נקודות",התלמיד מזהה פתיח שפוסל את עצמו.,"On one hand... on the other hand... so there are many opinions — זה לא מה שביקשו. הבוחן מבקש את הדעה שלך. תשובה שלא מכריעה אינה תשובה שלמה, ומורידה נקודות בקריטריון התוכן.","MCQ · 5 פתיחים · ""מכריע"" מול ""מתחמק""",,,4/5.,L20 · טעות מתועדת
4.c.23.3,23,YES או NO,L20 · דפוס P14 שלב 1,"עמדה ברורה תוך 30 שניות, בלי ""שני הצדדים"".",הכרעה ב-30 שניות,התלמיד בוחר צד מהר.,"אין תשובה נכונה. יש צד שקל לך יותר להגן עליו. אל תשאל ""מה אני באמת חושב"" — שאל ""לאיזה צד יש לי שתי סיבות מוכנות"". 30 שניות, ומתחילים לכתוב.",TIMED · 10 נושאים אמיתיים · כפתור YES/NO · שעון לכל נושא,,,8 מתוך 10 החלטות בתוך 30 שניות.,L20 · Binary Choice Drill
4.c.23.4,23,YES או NO,L20 · דפוס P14 שלב 1,"עמדה ברורה תוך 30 שניות, בלי ""שני הצדדים"".",משפט הפתיחה,התלמיד כותב עמדה + סיבה במשפט אחד.,משפט ראשון קבוע: I think that ___ because ___. העמדה קודמת לסיבה. תלמיד שמתחיל בסיבה משאיר את הבוחן בלי לדעת מה דעתו.,WRITE · 5 משפטי פתיחה,"*""I think that all students should do volunteer work because it teaches them important life skills.""* ⏐ *""I do not think all students should do volunteer work because some students have very little free time.""*",,4/5 · חובה עמדה מפורשת + because.,L20 · WE DO
4.c.23.5,23,YES או NO,L20 · דפוס P14 שלב 1,"עמדה ברורה תוך 30 שניות, בלי ""שני הצדדים"".",לא לשנות עמדה באמצע,התלמיד שומר על אותו צד לאורך הפסקה.,"התחלת ב-YES — כל הפסקה מגנה על YES. משפט אחד שמתחיל ""אבל מצד שני"" הורס את הקוהרנטיות ומוריד נקודות.","CLASSIFY · 4 פסקאות · ""עקבית"" מול ""התהפכה""",,,3/4.,L20 · טעות מתועדת
4.c.23.6,23,YES או NO,L20 · דפוס P14 שלב 1,"עמדה ברורה תוך 30 שניות, בלי ""שני הצדדים"".",דעה + סיבה + דוגמה,,,"WRITE · 50–60 מילים · נושא: *""Is there too much emphasis on tests and grades in our education system?""*",,,כל הקריטריונים.,
4.c.23.7,23,YES או NO,L20 · דפוס P14 שלב 1,"עמדה ברורה תוך 30 שניות, בלי ""שני הצדדים"".",שער סקשן 23,,,CHECK · WRITE + rubric,,,כל הקריטריונים.,
4.c.24.1,24,"סיבה, הסבר, דוגמה",L21 · דפוס P14 שלב 2,שתי סיבות מלאות לפי תבנית קבועה.,התבנית,שינון התבנית בעל פה.,"שלושה משפטים לכל סיבה, תמיד באותו סדר: סיבה — because ___ הסבר — This means ___ דוגמה — For example, ___ ברגע שהתבנית אצלך בראש, כתיבה של 70–90 מילים היא עבודה מכנית, לא יצירתית.",VOCAB · שינון · השלמת התבנית מהזיכרון,,,שחזור מלא.,
4.c.24.2,24,"סיבה, הסבר, דוגמה",L21 · דפוס P14 שלב 2,שתי סיבות מלאות לפי תבנית קבועה.,סיבה אינה דוגמה,התלמיד מבחין בין השתיים.,"סיבה מסבירה למה. דוגמה מראה מקרה. ""כי זה מלמד אחריות"" היא סיבה. ""לדוגמה, תלמידים שמתנדבים בבית אבות"" היא דוגמה. תלמידים מחליפים ביניהן וכותבים שתי דוגמאות בלי סיבה אחת.","CLASSIFY · 6 משפטים · ""סיבה"" מול ""דוגמה""",,,5/6.,L21 · טעות מתועדת
4.c.24.3,24,"סיבה, הסבר, דוגמה",L21 · דפוס P14 שלב 2,שתי סיבות מלאות לפי תבנית קבועה.,"""it is good"" אינו הסבר",התלמיד כותב הסבר שמוסיף מידע.,"because it is good לא אומר כלום. ההסבר צריך לענות: למה זה חשוב, מה זה גורם. because it teaches teenagers responsibility. This means they learn to manage their own time.",MCQ + WRITE · 5 פריטים · שדרוג סיבה חלשה,"""because it is good"" → ""because it teaches teenagers responsibility. This means they learn to manage their own time."" ⏐ ""because it is important"" → ""because it gives students real-life experience. This means they are better prepared for work."" ⏐ ""because it helps"" → ""because it reduces stress. This means students can concentrate better in class.""",,4/5.,L21 · טעות מתועדת
4.c.24.4,24,"סיבה, הסבר, דוגמה",L21 · דפוס P14 שלב 2,שתי סיבות מלאות לפי תבנית קבועה.,דוגמה לא בגוף ראשון,התלמיד כותב דוגמה כללית.,"For example, I once volunteered... חלש — הוא לא מוכיח כלום מעבר לך. For example, many schools in Israel run volunteering programmes חזק יותר ונשמע אקדמי.",WRITE · 4 המרות מגוף ראשון לכללי,,,3/4.,L21 · טעות מתועדת
4.c.24.5,24,"סיבה, הסבר, דוגמה",L21 · דפוס P14 שלב 2,שתי סיבות מלאות לפי תבנית קבועה.,עומק לפני רוחב,התלמיד בוחר שתי סיבות מלאות על פני שלוש קטועות.,"שתי סיבות עם הסבר ודוגמה מקבלות ציון גבוה יותר משלוש סיבות בלי הסבר. בבחינה הזו עומק מנצח רוחב, תמיד.","CLASSIFY · 4 זוגות פסקאות · ""איזו מקבלת ציון גבוה יותר""",,,3/4.,L21 · טעות מתועדת
4.c.24.6,24,"סיבה, הסבר, דוגמה",L21 · דפוס P14 שלב 2,שתי סיבות מלאות לפי תבנית קבועה.,"סיבה שנייה, אותה תבנית",,,WRITE · הרחבת פסקה לשתי סיבות מלאות,,,שתי סיבות × שלושה חלקים.,
4.c.24.7,24,"סיבה, הסבר, דוגמה",L21 · דפוס P14 שלב 2,שתי סיבות מלאות לפי תבנית קבועה.,שער סקשן 24,,,CHECK · WRITE + rubric,,,12/15.,
4.c.25.1,25,בנק הדוגמאות ואורך התשובה,L22 · דפוס P14 שלב 3,"תשובה שלמה של 70–90 מילים על כל נושא, בזמן.",חמש הדוגמאות הכלליות,שינון חמישה משפטים שמתאימים לכל נושא.,"""אין לי דוגמה"" הוא מה שמשתק תלמידים באמצע הכתיבה. הפתרון: חמישה משפטים כלליים ששיננת מראש, שאפשר להתאים לכל נושא. הם לא חייבים להיות אמיתיים — הם חייבים להיות רלוונטיים ותקינים דקדוקית.",VOCAB · שינון 5 משפטים,,,שחזור 4 מתוך 5.,
4.c.25.2,25,בנק הדוגמאות ואורך התשובה,L22 · דפוס P14 שלב 3,"תשובה שלמה של 70–90 מילים על כל נושא, בזמן.",התאמת דוגמה לנושא,,,MCQ · 6 פריטים · התאמת משפט מהבנק לנושא נתון,,,5/6.,
4.c.25.3,25,בנק הדוגמאות ואורך התשובה,L22 · דפוס P14 שלב 3,"תשובה שלמה של 70–90 מילים על כל נושא, בזמן.",דוגמה אחת לכל סיבה,התלמיד לא חוזר על אותה דוגמה.,אם השתמשת בדוגמה על התנדבות בסיבה הראשונה — הסיבה השנייה צריכה דוגמה אחרת. חזרה על אותה דוגמה מורידה נקודות בקריטריון העושר.,CLASSIFY · 4 פסקאות · זיהוי חזרה,,,3/4.,L22 · טעות מתועדת
4.c.25.4,25,בנק הדוגמאות ואורך התשובה,L22 · דפוס P14 שלב 3,"תשובה שלמה של 70–90 מילים על כל נושא, בזמן.",לספור מילים באמת,התלמיד מזהה חוסר או עודף ומתקן נכון.,מתחת ל-70: הרחב את הסיבה השנייה — אל תוסיף סיבה שלישית קטועה. מעל 90: מחק את הסיבה השלישית — לא את הדוגמאות. הבוחן סופר.,WRITE · מונה מילים חי · 4 תיקוני אורך,,,שלוש פסקאות בטווח 70–90.,"L22 · ""writes 55 words — add to reason 2 · writes 105 — cut the third reason"""
4.c.25.5,25,בנק הדוגמאות ואורך התשובה,L22 · דפוס P14 שלב 3,"תשובה שלמה של 70–90 מילים על כל נושא, בזמן.",בלי משפטים מעורפלים,התלמיד משלים משפטים כלליים.,Many people... בלי המשך ברור הוא משפט מבוזבז. כל משפט צריך לומר משהו ספציפי — אחרת הוא סופר לאורך אבל לא לתוכן.,WRITE · 4 השלמות,,,3/4.,L22 · טעות מתועדת
4.c.25.6,25,בנק הדוגמאות ואורך התשובה,L22 · דפוס P14 שלב 3,"תשובה שלמה של 70–90 מילים על כל נושא, בזמן.",תשובה מלאה בזמן,,"*""I think all pupils should do volunteer work because it teaches them important skills. This means that they develop responsibility and learn to work with others. For example, many students who volunteer become more focused in class. Another reason is that volunteering benefits the whole community. In addition, studies show that teenagers who volunteer feel less stressed. According to many experts, real-life experience is extremely valuable.""*","TIMED · 15 דקות · פרומפט: *""Should all high school pupils do volunteer work?""*",,,בזמן · 70–90 מילים · כל חלקי התבנית.,L22 · מודל התשובה
4.c.25.7,25,בנק הדוגמאות ואורך התשובה,L22 · דפוס P14 שלב 3,"תשובה שלמה של 70–90 מילים על כל נושא, בזמן.",שער סקשן 25,,,CHECK · WRITE + rubric מלא של 15 נקודות,,,12/15.,
4.c.26.1,26,סימולציה ותיקון,L23 · L24 · טקסט THE KINDNESS EFFECT,"בחינה מלאה בתנאים אמיתיים, ואז תיקון החולשה האחת שהכי עולה נקודות.",חצי בחינה — קריאה,,,TIMED · 35 דקות · טקסט KINDNESS EFFECT · כל סוגי השאלות,,,סיום בזמן.,
4.c.26.2,26,סימולציה ותיקון,L23 · L24 · טקסט THE KINDNESS EFFECT,"בחינה מלאה בתנאים אמיתיים, ואז תיקון החולשה האחת שהכי עולה נקודות.",חצי בחינה — כתיבה,,,TIMED · 20 דקות · 70–90 מילים,,,בזמן ובטווח.,
4.c.26.3,26,סימולציה ותיקון,L23 · L24 · טקסט THE KINDNESS EFFECT,"בחינה מלאה בתנאים אמיתיים, ואז תיקון החולשה האחת שהכי עולה נקודות.",סימולציה מלאה,,"90 דקות. כל מה שלמדת. אין עזרה, אין חזרות. הדרך היחידה להיכשל בצומת הזה היא לא להשתמש בדפוסים.",TIMED · 90 דקות · קריאה 40 + כתיבה 20 + חזרה לסימונים,,,השלמה מלאה. הציון אינו חוסם — הוא מזין את 26.4.,
4.c.26.4,26,סימולציה ותיקון,L23 · L24 · טקסט THE KINDNESS EFFECT,"בחינה מלאה בתנאים אמיתיים, ואז תיקון החולשה האחת שהכי עולה נקודות.",איזה Pattern נכשל,"התלמיד מזהה את סוג הטעות שלו, לא את הציון.",אל תסתכל על הציון. הסתכל על סוג הטעות: שאלות NOT? שאלות התייחסות? חריגה בזמן? אורך הכתיבה? זה מה שאפשר לתקן בשעה אחת.,"דוח אוטומטי · פילוח טעויות לפי P1–P15, לפי סוג שאלה, ולפי זמן לשאלה",,,,"L24 · טעות מתועדת: ""focuses on their overall score rather than which pattern failed"""
4.c.26.5,26,סימולציה ותיקון,L23 · L24 · טקסט THE KINDNESS EFFECT,"בחינה מלאה בתנאים אמיתיים, ואז תיקון החולשה האחת שהכי עולה נקודות.",תיקון ממוקד — דפוס אחד,התלמיד מתקן חולשה אחת לעומק.,"אל תנסה לתקן הכול. בחר את החולשה שהופיעה הכי הרבה פעמים, ותרגל רק אותה. שעה ממוקדת שווה יותר מקריאה חוזרת של כל הקורס.",סט דינמי · 6–10 פריטים · האפליקציה מזריקה את ה-nodes החלשים ביותר מ-26.4,,,80% בסט הדינמי.,"L24 · ""Student wants to fix everything — direct them: ONE pattern first"""
4.c.26.6,26,סימולציה ותיקון,L23 · L24 · טקסט THE KINDNESS EFFECT,"בחינה מלאה בתנאים אמיתיים, ואז תיקון החולשה האחת שהכי עולה נקודות.",ערכת הבחינה האישית,התלמיד בונה עמוד אחד לעיון ביום הבחינה.,"ביום הבחינה, בלחץ, שוכחים דברים שיודעים. הערכה הזו היא בשביל הרגע הזה — לא בשביל הלמידה.",סיכום · עמוד להורדה והדפסה,"P1–P15 בשורה אחת כל אחד ⏐ תבנית P14: YES/NO → because → This means → For example → סיבה שנייה → ספירת מילים ⏐ חמש הדוגמאות מהבנק ⏐ חמשת המקשרים והכלל של כל אחד ⏐ לוח הזמנים: 40 · 20 · בדיקה ⏐ שלוש החולשות האישיות מ-26.4 והתיקון לכל אחת ⏐ 4.c.R.1 → 4 → Circle 1 + מספרים ושמות → REVIEW · 10 → 8/10 ⏐ 4.c.R.2 → 8 → P1–P6 + הרמזור → REVIEW · 12 → 9/12 ⏐ 4.c.R.3 → 12 → כל סוגי השאלות עד כה → REVIEW · 12 · TIMED → 9/12 ⏐ 4.c.R.4 → 16 → P7 · P12 · P13 + מילות עמדה → REVIEW · 12 → 9/12 ⏐ 4.c.R.5 → 21 → 40 מילות הבנק + חמשת המקשרים → REVIEW · 20 · TIMED → 16/20 ⏐ 4.c.R.6 → 25 → תבנית P14 מלאה → REVIEW · WRITE → rubric מלא ⏐ 4.c.3.2 — מציאה וסימון מספרים ושמות → מתפצל: 4.c.3.2–4.c.3.4 (מספרים) + 4.c.4.1–4.c.4.3 (שמות) ⏐ 4.c.3.3 — שימוש במספרים ושמות לניווט → 4.c.3.5–4.c.3.6 (P2) + 4.c.4.4–4.c.4.6 (P3) ⏐ s1-l1–s1-l8 — אוצר מילים → נבלע בסקשנים 17–18, עם הוספת collocations ותרגילי ייצור ⏐ before-we-start · read-questions-first · mark-question-words → סקשנים 1–2",,,L24 · Final Exam Toolkit
4.c.R.1,R,חזרה מרווחת,—,שימור לאורך זמן — החומר חוזר אחרי שהוא כמעט נשכח,חזרה אחרי סקשן 4,שחזור חומר שנלמד בסקשנים קודמים,,REVIEW · 10,Circle 1 + מספרים ושמות,,8/10,—
4.c.R.2,R,חזרה מרווחת,—,שימור לאורך זמן — החומר חוזר אחרי שהוא כמעט נשכח,חזרה אחרי סקשן 8,שחזור חומר שנלמד בסקשנים קודמים,,REVIEW · 12,P1–P6 + הרמזור,,9/12,—
4.c.R.3,R,חזרה מרווחת,—,שימור לאורך זמן — החומר חוזר אחרי שהוא כמעט נשכח,חזרה אחרי סקשן 12,שחזור חומר שנלמד בסקשנים קודמים,,REVIEW · 12 · TIMED,כל סוגי השאלות עד כה,,9/12,—
4.c.R.4,R,חזרה מרווחת,—,שימור לאורך זמן — החומר חוזר אחרי שהוא כמעט נשכח,חזרה אחרי סקשן 16,שחזור חומר שנלמד בסקשנים קודמים,,REVIEW · 12,P7 · P12 · P13 + מילות עמדה,,9/12,—
4.c.R.5,R,חזרה מרווחת,—,שימור לאורך זמן — החומר חוזר אחרי שהוא כמעט נשכח,חזרה אחרי סקשן 21,שחזור חומר שנלמד בסקשנים קודמים,,REVIEW · 20 · TIMED,40 מילות הבנק + חמשת המקשרים,,16/20,—
4.c.R.6,R,חזרה מרווחת,—,שימור לאורך זמן — החומר חוזר אחרי שהוא כמעט נשכח,חזרה אחרי סקשן 25,שחזור חומר שנלמד בסקשנים קודמים,,REVIEW · WRITE,תבנית P14 מלאה,,rubric מלא,—
